transect_ID,distance,HU,relative_distance,Year,,,,HU,relative_distance,Year
TROM1,0,2444.271,0,2019,,,,,,
TROM1,0.0971,3152.532,0.0971,2019,,,,,,
TROM1,0.1942,3728.709,0.1942,2019,,,,,,
TROM1,0.2913,4364.948,0.2913,2019,,,,,,
TROM1,0.3884,4861.339,0.3884,2019,,,,,,
TROM1,0.4855,4960.17,0.4855,2019,,,,,,
TROM1,0.5826,4975.191,0.5826,2019,,,,,,
TROM1,0.6797,4958.702,0.6797,2019,,,,,,
TROM1,0.7768,4962.141,0.7768,2019,,,,,,
TROM1,0.8739,4970.557,0.8739,2019,,,,,,
TROM1,0.971,5036.74,0.971,2019,,,,,,
TROM1,1.0681,5127.54,1.0681,2019,,,,,,
TROM1,1.1652,5161.346,1.1652,2019,,,,,,
TROM1,1.2623,5195.856,1.2623,2019,,,,,,
TROM1,1.3594,5184.526,1.3594,2019,,,,,,
TROM1,1.4565,5215.936,1.4565,2019,,,,,,
TROM1,1.5536,5336.371,1.5536,2019,,,,,,
TROM1,1.6507,5276.812,1.6507,2019,,,,,,
TROM1,1.7478,5151.941,1.7478,2019,,,,,,
TROM1,1.8449,5100.249,1.8449,2019,,,,,,
TROM1,1.942,5071.82,1.942,2019,,,,,,
TROM1,2.0391,5082.195,2.0391,2019,,,,,,
TROM1,2.1362,5061.145,2.1362,2019,,,,,,
TROM1,2.2333,5002.001,2.2333,2019,,,,,,
TROM1,2.3304,4915.963,2.3304,2019,,,,,,
TROM1,2.4275,4820.929,2.4275,2019,,,,,,
TROM1,2.5246,4727.74,2.5246,2019,,,,,,
TROM1,2.6217,4687.377,2.6217,2019,,,,,,
TROM1,2.7188,4745.712,2.7188,2019,,,,,,
TROM1,2.8159,4740.673,2.8159,2019,,,,,,
TROM1,2.913,4739.222,2.913,2019,,,,,,
TROM1,3.0101,4726.461,3.0101,2019,,,,,,
TROM1,3.1072,4725.283,3.1072,2019,,,,,,
TROM1,3.2043,4486.983,3.2043,2019,,,,,,
TROM1,3.3014,4324.038,3.3014,2019,,,,,,
TROM1,3.3985,4381.548,3.3985,2019,,,,,,
TROM1,3.4956,4387.767,3.4956,2019,,,,,,
TROM1,3.5927,4281.268,3.5927,2019,,,,,,
TROM1,3.6898,4160.221,3.6898,2019,,,,,,
TROM1,3.7869,4075.316,3.7869,2019,,,,,,
TROM1,3.884,4100.487,3.884,2019,,,,,,
TROM1,3.9811,4091.63,3.9811,2019,,,,,,
TROM1,4.0782,4032.454,4.0782,2019,,,,,,
TROM1,4.1753,3980.945,4.1753,2019,,,,,,
TROM1,4.2724,3898.476,4.2724,2019,,,,,,
TROM1,4.3695,3824.772,4.3695,2019,,,,,,
TROM1,4.4666,3802.686,4.4666,2019,,,,,,
TROM1,4.5637,3677.981,4.5637,2019,,,,,,
TROM1,4.6608,3536.048,4.6608,2019,,,,,,
TROM1,4.7579,3408.581,0,2018,,,,,,
TROM1,4.855,3309.516,0.0971000000000002,2018,,,,,,
TROM1,4.9521,3239.243,0.194199999999999,2018,,,,,,
TROM1,5.0492,3255.725,0.2913,2018,,,,,,
TROM1,5.1463,3311.378,0.3884,2018,,,,,,
TROM1,5.2434,3342.773,0.4855,2018,,,,,,
TROM1,5.3405,3307.916,0.582599999999999,2018,,,,,,
TROM1,5.4376,3208.043,0.6797,2018,,,,,,
TROM1,5.5347,3155.492,0.7768,2018,,,,,,
TROM1,5.6318,3211.298,0.8739,2018,,,,,,
TROM1,5.7289,3284.1,0.971,2018,,,,,,
TROM1,5.826,3381.338,1.0681,2018,,,,,,
TROM1,5.9231,3525.57,1.1652,2018,,,,,,
TROM1,6.0202,3640.769,1.2623,2018,,,,,,
TROM1,6.1173,3769.159,1.3594,2018,,,,,,
TROM1,6.2144,3772.452,1.4565,2018,,,,,,
TROM1,6.3115,3670.497,1.5536,2018,,,,,,
TROM1,6.4086,3662.805,1.6507,2018,,,,,,
TROM1,6.5057,3680.151,1.7478,2018,,,,,,
TROM1,6.6028,3736.233,1.8449,2018,,,,,,
TROM1,6.6999,3669.521,1.942,2018,,,,,,
TROM1,6.797,3607.854,2.0391,2018,,,,,,
TROM1,6.8941,3482.403,2.1362,2018,,,,,,
TROM1,6.9912,3401.916,2.2333,2018,,,,,,
TROM1,7.0883,3354.269,2.3304,2018,,,,,,
TROM1,7.1854,3360.712,2.4275,2018,,,,,,
TROM1,7.2825,3460.369,2.5246,2018,,,,,,
TROM1,7.3796,3447.929,2.6217,2018,,,,,,
TROM1,7.4767,3330.605,2.7188,2018,,,,,,
TROM1,7.5738,3409.828,2.8159,2018,,,,,,
TROM1,7.6709,3457.163,2.913,2018,,,,,,
TROM1,7.768,3510.033,3.0101,2018,,,,,,
TROM1,7.8651,3549.685,3.1072,2018,,,,,,
TROM1,7.9622,3567.044,3.2043,2018,,,,,,
TROM1,8.0593,3488.185,3.3014,2018,,,,,,
TROM1,8.1564,3385.104,3.3985,2018,,,,,,
TROM1,8.2535,3382.22,3.4956,2018,,,,,,
TROM1,8.3506,3333.919,3.5927,2018,,,,,,
TROM1,8.4477,3358.948,3.6898,2018,,,,,,
TROM1,8.5448,3436.358,3.7869,2018,,,,,,
TROM1,8.6419,3551.792,3.884,2018,,,,,,
TROM1,8.739,3577.781,3.9811,2018,,,,,,
TROM1,8.8361,3616.432,4.0782,2018,,,,,,
TROM1,8.9332,3539.259,4.1753,2018,,,,,,
TROM1,9.0303,3525.625,4.2724,2018,,,,,,
TROM1,9.1274,3568.123,4.3695,2018,,,,,,
TROM1,9.2245,3628.728,4.4666,2018,,,,,,
TROM1,9.3216,3718.457,4.5637,2018,,,,,,
TROM1,9.4187,3756.383,4.6608,2018,,,,,,
TROM1,9.5158,3796.147,4.7579,2018,,,,,,
TROM1,9.6129,3856.71,4.855,2018,,,,,,
TROM1,9.71,3903.991,4.9521,2018,,,,,,
TROM1,9.8071,3892.016,5.0492,2018,,,,,,
TROM1,9.9042,3852.603,5.1463,2018,,,,,,
TROM1,10.0013,3853.753,5.2434,2018,,,,,,
TROM1,10.0984,3831.636,5.3405,2018,,,,,,
TROM1,10.1955,3796.485,5.4376,2018,,,,,,
TROM1,10.2926,3794.066,5.5347,2018,,,,,,
TROM1,10.3897,3824.56,5.6318,2018,,,,,,
TROM1,10.4868,3827.527,5.7289,2018,,,,,,
TROM1,10.5839,3810.651,5.826,2018,,,,,,
TROM1,10.681,3778.896,5.9231,2018,,,,,,
TROM1,10.7781,3686.279,6.0202,2018,,,,,,
TROM1,10.8752,3670.101,6.1173,2018,,,,,,
TROM1,10.9723,3848.263,6.2144,2018,,,,,,
TROM1,11.0694,3933.043,6.3115,2018,,,,,,
TROM1,11.1665,3806.438,6.4086,2018,,,,,,
TROM1,11.2636,3826.652,6.5057,2018,,,,,,
TROM1,11.3607,4001.274,6.6028,2018,,,,,,
TROM1,11.4578,4064.241,6.6999,2018,,,,,,
TROM1,11.5549,4045.449,6.797,2018,,,,,,
TROM1,11.652,3949.155,6.8941,2018,,,,,,
TROM1,11.7491,3945,6.9912,2018,,,,,,
TROM1,11.8462,4089.669,7.0883,2018,,,,,,
TROM1,11.9433,4102.162,7.1854,2018,,,,,,
TROM1,12.0404,4002.109,7.2825,2018,,,,,,
TROM1,12.1375,4031.014,7.3796,2018,,,,,,
TROM1,12.2346,4124.328,7.4767,2018,,,,,,
TROM1,12.3317,4144.111,7.5738,2018,,,,,,
TROM1,12.4288,4164.193,7.6709,2018,,,,,,
TROM1,12.5259,4139.174,7.768,2018,,,,,,
TROM1,12.623,4174.649,7.8651,2018,,,,,,
TROM1,12.7201,4283.153,7.9622,2018,,,,,,
TROM1,12.8172,4429.746,8.0593,2018,,,,,,
TROM1,12.9143,4367.75,8.1564,2018,,,,,,
TROM1,13.0114,4264.996,8.2535,2018,,,,,,
TROM1,13.1085,4244.692,8.3506,2018,,,,,,
TROM1,13.2056,4217.612,8.4477,2018,,,,,,
TROM1,13.3027,4252.847,8.5448,2018,,,,,,
TROM1,13.3998,4370.854,8.6419,2018,,,,,,
TROM1,13.4969,4321.937,8.739,2018,,,,,,
TROM1,13.594,4348.118,8.8361,2018,,,,,,
TROM1,13.6911,4452.482,8.9332,2018,,,,,,
TROM1,13.7882,4376.639,9.0303,2018,,,,,,
TROM1,13.8853,4204.59,9.1274,2018,,,,,,
TROM1,13.9824,4204.862,9.2245,2018,,,,,,
TROM1,14.0795,4310.531,9.3216,2018,,,,,,
TROM1,14.1766,4297.048,9.4187,2018,,,,,,
TROM1,14.2737,4361.01,9.5158,2018,,,,,,
TROM1,14.3708,4371.362,9.6129,2018,,,,,,
TROM1,14.4679,4332.026,9.71,2018,,,,,,
TROM1,14.565,4368.68,9.8071,2018,,,,,,
TROM1,14.6621,4403.926,9.9042,2018,,,,,,
TROM1,14.7592,4430.995,10.0013,2018,,,,,,
TROM1,14.8563,4348.464,10.0984,2018,,,,,,
TROM1,14.9534,4328.281,10.1955,2018,,,,,,
TROM1,15.0505,4301.334,10.2926,2018,,,,,,
TROM1,15.1476,4128.274,10.3897,2018,,,,,,
TROM1,15.2447,3946.574,10.4868,2018,,,,,,
TROM1,15.3418,3890.178,10.5839,2018,,,,,,
TROM1,15.4389,3919.587,10.681,2018,,,,,,
TROM1,15.536,4179.428,10.7781,2018,,,,,,
TROM1,15.6331,4245.958,10.8752,2018,,,,,,
TROM1,15.7302,4105.728,10.9723,2018,,,,,,
TROM1,15.8273,4067.848,11.0694,2018,,,,,,
TROM1,15.9244,4084.561,11.1665,2018,,,,,,
TROM1,16.0215,4067.203,11.2636,2018,,,,,,
TROM1,16.1186,4088.097,11.3607,2018,,,,,,
TROM1,16.2157,4112.061,11.4578,2018,,,,,,
TROM1,16.3128,4093.984,11.5549,2018,,,,,,
TROM1,16.4099,4116.902,11.652,2018,,,,,,
TROM1,16.507,4046.157,11.7491,2018,,,,,,
TROM1,16.6041,3927.937,11.8462,2018,,,,,,
TROM1,16.7012,4096.73,11.9433,2018,,,,,,
TROM1,16.7983,4117.366,12.0404,2018,,,,,,
TROM1,16.8954,3973.114,12.1375,2018,,,,,,
TROM1,16.9925,3824.251,12.2346,2018,,,,,,
TROM1,17.0896,3700.571,12.3317,2018,,,,,,
TROM1,17.1867,3859.919,12.4288,2018,,,,,,
TROM1,17.2838,4025.167,12.5259,2018,,,,,,
TROM1,17.3809,3816.102,12.623,2018,,,,,,
TROM1,17.478,3623.294,12.7201,2018,,,,,,
TROM1,17.5751,3615.514,12.8172,2018,,,,,,
TROM1,17.6722,3612.139,12.9143,2018,,,,,,
TROM1,17.7693,3600.272,13.0114,2018,,,,,,
TROM1,17.8664,3692.089,0,2017,,,,,,
TROM1,17.9635,3779.792,0.0971000000000011,2017,,,,,,
TROM1,18.0606,3568.085,0.194200000000002,2017,,,,,,
TROM1,18.1577,3449.809,0.2913,2017,,,,,,
TROM1,18.2548,3600.367,0.388400000000001,2017,,,,,,
TROM1,18.3519,3637.785,0.485500000000002,2017,,,,,,
TROM1,18.449,3533.306,0.582600000000003,2017,,,,,,
TROM1,18.5461,3440.288,0.6797,2017,,,,,,
TROM1,18.6432,3359.454,0.776800000000002,2017,,,,,,
TROM1,18.7403,3367.398,0.873900000000003,2017,,,,,,
TROM1,18.8374,3388.765,0.971,2017,,,,,,
TROM1,18.9345,3433.945,1.0681,2017,,,,,,
TROM1,19.0316,3496.085,1.1652,2017,,,,,,
TROM1,19.1287,3605.469,1.2623,2017,,,,,,
TROM1,19.2258,3743.326,1.3594,2017,,,,,,
TROM1,19.3229,3817.994,1.4565,2017,,,,,,
TROM1,19.42,3842.278,1.5536,2017,,,,,,
TROM1,19.5171,3919.86,1.6507,2017,,,,,,
TROM1,19.6142,3887.24,1.7478,2017,,,,,,
TROM1,19.7113,3837.443,1.8449,2017,,,,,,
TROM1,19.8084,3829.044,1.942,2017,,,,,,
TROM1,19.9055,3752.187,2.0391,2017,,,,,,
TROM1,20.0026,3618.292,2.1362,2017,,,,,,
TROM1,20.0997,3548.356,2.2333,2017,,,,,,
TROM1,20.1968,3584.754,2.3304,2017,,,,,,
TROM1,20.2939,3715.633,2.4275,2017,,,,,,
TROM1,20.391,3808.509,2.5246,2017,,,,,,
TROM1,20.4881,3922.608,2.6217,2017,,,,,,
TROM1,20.5852,3964.178,2.7188,2017,,,,,,
TROM1,20.6823,4009.28,2.8159,2017,,,,,,
TROM1,20.7794,3893.211,2.913,2017,,,,,,
TROM1,20.8765,3932.146,3.0101,2017,,,,,,
TROM1,20.9736,3910.166,3.1072,2017,,,,,,
TROM1,21.0707,3938.291,3.2043,2017,,,,,,
TROM1,21.1678,4001.808,3.3014,2017,,,,,,
TROM1,21.2649,3926.391,3.3985,2017,,,,,,
TROM1,21.362,3788.338,3.4956,2017,,,,,,
TROM1,21.4591,3845.153,3.5927,2017,,,,,,
TROM1,21.5562,4066.825,3.6898,2017,,,,,,
TROM1,21.6533,4174.097,3.7869,2017,,,,,,
TROM1,21.7504,4046.529,3.884,2017,,,,,,
TROM1,21.8475,3946.68,3.9811,2017,,,,,,
TROM1,21.9446,3891.271,4.0782,2017,,,,,,
TROM1,22.0417,3771.183,4.1753,2017,,,,,,
TROM1,22.1388,3687.354,4.2724,2017,,,,,,
TROM1,22.2359,3564.595,4.3695,2017,,,,,,
TROM1,22.333,3611.032,4.4666,2017,,,,,,
TROM1,22.4301,3675.151,4.5637,2017,,,,,,
TROM1,22.5272,3633.7,4.6608,2017,,,,,,
TROM1,22.6243,3591.539,4.7579,2017,,,,,,
TROM1,22.7214,3652.542,4.855,2017,,,,,,
TROM1,22.8185,3716.872,4.9521,2017,,,,,,
TROM1,22.9156,3755.292,5.0492,2017,,,,,,
TROM1,23.0127,3765.484,5.1463,2017,,,,,,
TROM1,23.1098,3805.121,5.2434,2017,,,,,,
TROM1,23.2069,3897.214,5.3405,2017,,,,,,
TROM1,23.304,3890.219,5.4376,2017,,,,,,
TROM1,23.4011,3954.181,5.5347,2017,,,,,,
TROM1,23.4982,4153.336,5.6318,2017,,,,,,
TROM1,23.5953,4033.306,5.7289,2017,,,,,,
TROM1,23.6924,3850.985,5.826,2017,,,,,,
TROM1,23.7895,4114.617,5.9231,2017,,,,,,
TROM1,23.8866,4222.708,6.0202,2017,,,,,,
TROM1,23.9837,4117.164,6.1173,2017,,,,,,
TROM1,24.0808,4046.721,6.2144,2017,,,,,,
TROM1,24.1779,3934.775,6.3115,2017,,,,,,
TROM1,24.275,3851.461,6.4086,2017,,,,,,
TROM1,24.3721,3734.315,6.5057,2017,,,,,,
TROM1,24.4692,3708.902,6.6028,2017,,,,,,
TROM1,24.5663,3792.493,6.6999,2017,,,,,,
TROM1,24.6634,4118.194,6.797,2017,,,,,,
TROM1,24.7605,4224.805,6.8941,2017,,,,,,
TROM1,24.8576,4158.161,6.9912,2017,,,,,,
TROM1,24.9547,4062.954,7.0883,2017,,,,,,
TROM1,25.0518,3976.187,7.1854,2017,,,,,,
TROM1,25.1489,4024.904,7.2825,2017,,,,,,
TROM1,25.246,4140.667,7.3796,2017,,,,,,
TROM1,25.3431,4151.356,7.4767,2017,,,,,,
TROM1,25.4402,4208.882,7.5738,2017,,,,,,
TROM1,25.5373,4366.726,7.6709,2017,,,,,,
TROM1,25.6344,4504.115,7.768,2017,,,,,,
TROM1,25.7315,4604.312,7.8651,2017,,,,,,
TROM1,25.8286,4547.809,7.9622,2017,,,,,,
TROM1,25.9257,4392.541,8.0593,2017,,,,,,
TROM1,26.0228,4164.428,8.1564,2017,,,,,,
TROM1,26.1199,4108.062,8.2535,2017,,,,,,
TROM1,26.217,4366.016,8.3506,2017,,,,,,
TROM1,26.3141,4462.684,8.4477,2017,,,,,,
TROM1,26.4112,4469.481,8.5448,2017,,,,,,
TROM1,26.5083,4320.195,8.6419,2017,,,,,,
TROM1,26.6054,4243.646,8.739,2017,,,,,,
TROM1,26.7025,4330.269,8.8361,2017,,,,,,
TROM1,26.7996,4318.881,8.9332,2017,,,,,,
TROM1,26.8967,4195.26,9.0303,2017,,,,,,
TROM1,26.9938,4136.39,9.1274,2017,,,,,,
TROM1,27.0909,4172.871,9.2245,2017,,,,,,
TROM1,27.188,4212.721,9.3216,2017,,,,,,
TROM1,27.2851,4197.123,9.4187,2017,,,,,,
TROM1,27.3822,4175.951,9.5158,2017,,,,,,
TROM1,27.4793,4258.79,9.6129,2017,,,,,,
TROM1,27.5764,4489.867,9.71,2017,,,,,,
TROM1,27.6735,4466.236,9.8071,2017,,,,,,
TROM1,27.7706,4419.799,9.9042,2017,,,,,,
TROM1,27.8677,4381.414,10.0013,2017,,,,,,
TROM1,27.9648,4318.81,10.0984,2017,,,,,,
TROM1,28.0619,4385.274,10.1955,2017,,,,,,
TROM1,28.159,4433.53,10.2926,2017,,,,,,
TROM1,28.2561,4416.835,10.3897,2017,,,,,,
TROM1,28.3532,4373.196,10.4868,2017,,,,,,
TROM1,28.4503,4360.142,10.5839,2017,,,,,,
TROM1,28.5474,4558.245,10.681,2017,,,,,,
TROM1,28.6445,4704.953,10.7781,2017,,,,,,
TROM1,28.7416,4575.514,10.8752,2017,,,,,,
TROM1,28.8387,4537.702,10.9723,2017,,,,,,
TROM1,28.9358,4579.391,11.0694,2017,,,,,,
TROM1,29.0329,4477.633,11.1665,2017,,,,,,
TROM1,29.13,4369.608,11.2636,2017,,,,,,
TROM1,29.2271,4295.383,11.3607,2017,,,,,,
TROM1,29.3242,4225.579,11.4578,2017,,,,,,
TROM1,29.4213,4206.731,11.5549,2017,,,,,,
TROM1,29.5184,4309.31,11.652,2017,,,,,,
TROM1,29.6155,4459.326,11.7491,2017,,,,,,
TROM1,29.7126,4699.775,11.8462,2017,,,,,,
TROM1,29.8097,4793.963,11.9433,2017,,,,,,
TROM1,29.9068,4454.597,12.0404,2017,,,,,,
TROM1,30.0039,4239.255,12.1375,2017,,,,,,
TROM1,30.101,4204.962,12.2346,2017,,,,,,
TROM1,30.1981,4253.798,12.3317,2017,,,,,,
TROM1,30.2952,4374.01,12.4288,2017,,,,,,
TROM1,30.3923,4375.229,12.5259,2017,,,,,,
TROM1,30.4894,4423.464,12.623,2017,,,,,,
TROM1,30.5865,4364.125,12.7201,2017,,,,,,
TROM1,30.6836,4318.001,12.8172,2017,,,,,,
TROM1,30.7807,4327.636,12.9143,2017,,,,,,
TROM1,30.8778,4384.085,13.0114,2017,,,,,,
TROM1,30.9749,4451.723,13.1085,2017,,,,,,
TROM1,31.072,4465.223,13.2056,2017,,,,,,
TROM1,31.1691,4283.459,13.3027,2017,,,,,,
TROM1,31.2662,4113.614,13.3998,2017,,,,,,
TROM1,31.3633,3965.4,13.4969,2017,,,,,,
TROM1,31.4604,3846.15,13.594,2017,,,,,,
TROM1,31.5575,3802.162,13.6911,2017,,,,,,
TROM1,31.6546,3753.211,13.7882,2017,,,,,,
TROM1,31.7517,3733.462,13.8853,2017,,,,,,
TROM1,31.8488,3818.607,13.9824,2017,,,,,,
TROM1,31.9459,3873.22,14.0795,2017,,,,,,
TROM1,32.043,3711.294,14.1766,2017,,,,,,
TROM1,32.1401,3550.813,14.2737,2017,,,,,,
TROM1,32.2372,3659.583,14.3708,2017,,,,,,
TROM1,32.3343,3637.819,14.4679,2017,,,,,,
TROM1,32.4314,3434.923,14.565,2017,,,,,,
TROM1,32.5285,3419.564,14.6621,2017,,,,,,
TROM1,32.6256,3595.04,14.7592,2017,,,,,,
TROM1,32.7227,3643.577,14.8563,2017,,,,,,
TROM1,32.8198,3587.683,14.9534,2017,,,,,,
TROM1,32.9169,3577.353,15.0505,2017,,,,,,
TROM1,33.014,3510.772,15.1476,2017,,,,,,
TROM1,33.1111,3358.063,15.2447,2017,,,,,,
TROM1,33.2082,3212.99,15.3418,2017,,,,,,
TROM1,33.3053,3169.219,15.4389,2017,,,,,,
TROM1,33.4024,3221.053,15.536,2017,,,,,,
TROM1,33.4995,3375.067,15.6331,2017,,,,,,
TROM1,33.5966,3540.403,15.7302,2017,,,,,,
TROM1,33.6937,3592.087,15.8273,2017,,,,,,
TROM1,33.7908,3231.978,15.9244,2017,,,,,,
TROM1,33.8879,3093.637,16.0215,2017,,,,,,
TROM1,33.985,3163.078,16.1186,2017,,,,,,
TROM1,34.0821,3201.32,16.2157,2017,,,,,,
TROM1,34.1792,3254.532,16.3128,2017,,,,,,
TROM1,34.2763,3401.851,16.4099,2017,,,,,,
TROM1,34.3734,3499.438,16.507,2017,,,,,,
TROM1,34.4705,3432.441,16.6041,2017,,,,,,
TROM1,34.5676,3339.702,16.7012,2017,,,,,,
TROM1,34.6647,3335.068,16.7983,2017,,,,,,
TROM1,34.7618,3148.602,16.8954,2017,,,,,,
TROM1,34.8589,3017.801,16.9925,2017,,,,,,
TROM1,34.956,3137.347,17.0896,2017,,,,,,
TROM1,35.0531,3331.786,17.1867,2017,,,,,,
TROM1,35.1502,3554.552,17.2838,2017,,,,,,
TROM1,35.2473,3633.234,17.3809,2017,,,,,,
TROM1,35.3444,3509.787,17.478,2017,,,,,,
TROM1,35.4415,3326.859,17.5751,2017,,,,,,
TROM1,35.5386,3228.272,17.6722,2017,,,,,,
TROM1,35.6357,3206.23,17.7693,2017,,,,,,
TROM1,35.7328,3207.974,17.8664,2017,,,,,,
TROM1,35.8299,3323.117,17.9635,2017,,,,,,
TROM1,35.927,3518.848,18.0606,2017,,,,,,
TROM1,36.0241,3780.862,18.1577,2017,,,,,,
TROM1,36.1212,3807.851,18.2548,2017,,,,,,
TROM1,36.2183,3723.328,18.3519,2017,,,,,,
TROM1,36.3154,3679.184,18.449,2017,,,,,,
TROM1,36.4125,3714.318,18.5461,2017,,,,,,
TROM1,36.5096,3826.392,18.6432,2017,,,,,,
TROM1,36.6067,3814.461,18.7403,2017,,,,,,
TROM1,36.7038,3720.014,18.8374,2017,,,,,,
TROM1,36.8009,3689.014,0,2016,,,,,,
TROM1,36.898,3613.166,0.0971000000000046,2016,,,,,,
TROM1,36.9951,3697.124,0.194200000000002,2016,,,,,,
TROM1,37.0922,3770.572,0.2913,2016,,,,,,
TROM1,37.1893,3681.085,0.388400000000004,2016,,,,,,
TROM1,37.2864,3669.43,0.485500000000002,2016,,,,,,
TROM1,37.3835,3697.655,0.582599999999999,2016,,,,,,
TROM1,37.4806,3837.767,0.679700000000004,2016,,,,,,
TROM1,37.5777,3902.344,0.776800000000002,2016,,,,,,
TROM1,37.6748,3770.386,0.873899999999999,2016,,,,,,
TROM1,37.7719,3692.678,0.971000000000004,2016,,,,,,
TROM1,37.869,3675.58,1.0681,2016,,,,,,
TROM1,37.9661,3587.272,1.1652,2016,,,,,,
TROM1,38.0632,3446.188,1.2623,2016,,,,,,
TROM1,38.1603,3488.68,1.3594,2016,,,,,,
TROM1,38.2574,3613.978,1.4565,2016,,,,,,
TROM1,38.3545,3698.723,1.5536,2016,,,,,,
TROM1,38.4516,3726.643,1.6507,2016,,,,,,
TROM1,38.5487,3560.436,1.7478,2016,,,,,,
TROM1,38.6458,3522.642,1.8449,2016,,,,,,
TROM1,38.7429,3633.702,1.942,2016,,,,,,
TROM1,38.84,3705.271,2.0391,2016,,,,,,
TROM1,38.9371,3803.103,2.1362,2016,,,,,,
TROM1,39.0342,3816.939,2.2333,2016,,,,,,
TROM1,39.1313,3774.907,2.3304,2016,,,,,,
TROM1,39.2284,3793.833,2.4275,2016,,,,,,
TROM1,39.3255,3787.706,2.5246,2016,,,,,,
TROM1,39.4226,3731.205,2.6217,2016,,,,,,
TROM1,39.5197,3728.849,2.7188,2016,,,,,,
TROM1,39.6168,3788.228,2.8159,2016,,,,,,
TROM1,39.7139,3855.521,2.913,2016,,,,,,
TROM1,39.811,3863.614,3.0101,2016,,,,,,
TROM1,39.9081,3779.489,3.1072,2016,,,,,,
TROM1,40.0052,3736.229,3.2043,2016,,,,,,
TROM1,40.1023,3658.881,3.3014,2016,,,,,,
TROM1,40.1994,3608.497,3.3985,2016,,,,,,
TROM1,40.2965,3650.344,3.4956,2016,,,,,,
TROM1,40.3936,3683.78,3.5927,2016,,,,,,
TROM1,40.4907,3612.607,3.6898,2016,,,,,,
TROM1,40.5878,3610.995,3.7869,2016,,,,,,
TROM1,40.6849,3761.844,3.884,2016,,,,,,
TROM1,40.782,3817.748,3.9811,2016,,,,,,
TROM1,40.8791,3741.724,4.0782,2016,,,,,,
TROM1,40.9762,3756.347,4.1753,2016,,,,,,
TROM1,41.0733,3809.37,4.2724,2016,,,,,,
TROM1,41.1704,3810.438,4.3695,2016,,,,,,
TROM1,41.2675,3768.097,4.4666,2016,,,,,,
TROM1,41.3646,3822.8,4.5637,2016,,,,,,
TROM1,41.4617,3843.953,4.6608,2016,,,,,,
TROM1,41.5588,3875.367,4.7579,2016,,,,,,
TROM1,41.6559,3922.955,4.855,2016,,,,,,
TROM1,41.753,3941.126,4.9521,2016,,,,,,
TROM1,41.8501,4006.664,5.0492,2016,,,,,,
TROM1,41.9472,3993.84,5.1463,2016,,,,,,
TROM1,42.0443,3802.023,5.2434,2016,,,,,,
TROM1,42.1414,3690.713,5.3405,2016,,,,,,
TROM1,42.2385,3607.604,5.4376,2016,,,,,,
TROM1,42.3356,3654.045,5.5347,2016,,,,,,
TROM1,42.4327,3868.684,5.6318,2016,,,,,,
TROM1,42.5298,3859.514,5.7289,2016,,,,,,
TROM1,42.6269,3766.479,5.826,2016,,,,,,
TROM1,42.724,3775.898,5.9231,2016,,,,,,
TROM1,42.8211,3732.458,6.0202,2016,,,,,,
TROM1,42.9182,3689.337,6.1173,2016,,,,,,
TROM1,43.0153,3666.612,6.21440000000001,2016,,,,,,
TROM1,43.1124,3698.889,6.3115,2016,,,,,,
TROM1,43.2095,3645.914,6.4086,2016,,,,,,
TROM1,43.3066,3607.906,6.5057,2016,,,,,,
TROM1,43.4037,3807.207,6.6028,2016,,,,,,
TROM1,43.5008,3997.099,6.6999,2016,,,,,,
TROM1,43.5979,4021.812,6.797,2016,,,,,,
TROM1,43.695,3962.861,6.8941,2016,,,,,,
TROM1,43.7921,3910.864,6.9912,2016,,,,,,
TROM1,43.8892,3864.906,7.0883,2016,,,,,,
TROM1,43.9863,3816.709,7.1854,2016,,,,,,
TROM1,44.0834,3938.824,7.2825,2016,,,,,,
TROM1,44.1805,4017.524,7.3796,2016,,,,,,
TROM1,44.2776,3904.164,7.4767,2016,,,,,,
TROM1,44.3747,3869.273,7.5738,2016,,,,,,
TROM1,44.4718,3920.603,7.6709,2016,,,,,,
TROM1,44.5689,3908.433,7.768,2016,,,,,,
TROM1,44.666,3838.263,7.8651,2016,,,,,,
TROM1,44.7631,3744.75,7.9622,2016,,,,,,
TROM1,44.8602,3751.831,8.0593,2016,,,,,,
TROM1,44.9573,3723.628,8.1564,2016,,,,,,
TROM1,45.0544,3707.419,8.2535,2016,,,,,,
TROM1,45.1515,3725.357,8.3506,2016,,,,,,
TROM1,45.2486,3872.79,8.4477,2016,,,,,,
TROM1,45.3457,4016.33,8.5448,2016,,,,,,
TROM1,45.4428,3845.099,8.6419,2016,,,,,,
TROM1,45.5399,3725.325,8.739,2016,,,,,,
TROM1,45.637,3940.774,8.8361,2016,,,,,,
TROM1,45.7341,4030.396,8.9332,2016,,,,,,
TROM1,45.8312,3969.839,9.0303,2016,,,,,,
TROM1,45.9283,3952.417,9.1274,2016,,,,,,
TROM1,46.0254,3973.189,9.2245,2016,,,,,,
TROM1,46.1225,3969.784,9.3216,2016,,,,,,
TROM1,46.2196,4020.846,9.4187,2016,,,,,,
TROM1,46.3167,4072.704,9.5158,2016,,,,,,
TROM1,46.4138,4054.518,9.6129,2016,,,,,,
TROM1,46.5109,4001.418,9.71,2016,,,,,,
TROM1,46.608,4154.091,9.8071,2016,,,,,,
TROM1,46.7051,4206.092,9.9042,2016,,,,,,
TROM1,46.8022,4193.611,10.0013,2016,,,,,,
TROM1,46.8993,4202.127,10.0984,2016,,,,,,
TROM1,46.9964,4195.818,10.1955,2016,,,,,,
TROM1,47.0935,4176.805,10.2926,2016,,,,,,
TROM1,47.1906,4060.443,10.3897,2016,,,,,,
TROM1,47.2877,3984.475,10.4868,2016,,,,,,
TROM1,47.3848,4023.56,10.5839,2016,,,,,,
TROM1,47.4819,4081.806,10.681,2016,,,,,,
TROM1,47.579,4030.356,10.7781,2016,,,,,,
TROM1,47.6761,3969.451,10.8752,2016,,,,,,
TROM1,47.7732,3939.039,10.9723,2016,,,,,,
TROM1,47.8703,3844.41,11.0694,2016,,,,,,
TROM1,47.9674,3761.238,11.1665,2016,,,,,,
TROM1,48.0645,3773.49,11.2636,2016,,,,,,
TROM1,48.1616,3804.392,11.3607,2016,,,,,,
TROM1,48.2587,3844.583,11.4578,2016,,,,,,
TROM1,48.3558,3840.389,11.5549,2016,,,,,,
TROM1,48.4529,3864.198,11.652,2016,,,,,,
TROM1,48.55,3926.919,11.7491,2016,,,,,,
TROM1,48.6471,3911.634,11.8462,2016,,,,,,
TROM1,48.7442,3900.885,11.9433,2016,,,,,,
TROM1,48.8413,3847.174,12.0404,2016,,,,,,
TROM1,48.9384,3728.846,12.1375,2016,,,,,,
TROM1,49.0355,3669.685,12.2346,2016,,,,,,
TROM1,49.1326,3697.004,12.3317,2016,,,,,,
TROM1,49.2297,3742.153,12.4288,2016,,,,,,
TROM1,49.3268,3837.411,12.5259,2016,,,,,,
TROM1,49.4239,3901.441,12.623,2016,,,,,,
TROM1,49.521,3865.951,12.7201,2016,,,,,,
TROM1,49.6181,3749.615,12.8172,2016,,,,,,
TROM1,49.7152,3641.54,12.9143,2016,,,,,,
TROM1,49.8123,3596.281,13.0114,2016,,,,,,
TROM1,49.9094,3530.581,13.1085,2016,,,,,,
TROM1,50.0065,3374.956,13.2056,2016,,,,,,
TROM1,50.1036,3317.907,13.3027,2016,,,,,,
TROM1,50.2007,3377.939,13.3998,2016,,,,,,
TROM1,50.2978,3497.853,13.4969,2016,,,,,,
TROM1,50.3949,3609.831,13.594,2016,,,,,,
TROM1,50.492,3470.796,13.6911,2016,,,,,,
TROM1,50.5891,3320.789,13.7882,2016,,,,,,
TROM1,50.6862,3118.752,13.8853,2016,,,,,,
TROM1,50.7833,3071.063,13.9824,2016,,,,,,
TROM1,50.8804,3083.367,14.0795,2016,,,,,,
TROM1,50.9775,3092.74,14.1766,2016,,,,,,
TROM1,51.0746,3150.984,14.2737,2016,,,,,,
TROM1,51.1717,3269.608,14.3708,2016,,,,,,
TROM1,51.2688,3434.163,14.4679,2016,,,,,,
TROM1,51.3659,3523.279,14.565,2016,,,,,,
TROM1,51.463,3579.471,14.6621,2016,,,,,,
TROM1,51.5601,3625.402,14.7592,2016,,,,,,
TROM1,51.6572,3528.312,14.8563,2016,,,,,,
TROM1,51.7543,3468.445,14.9534,2016,,,,,,
TROM1,51.8514,3486.676,15.0505,2016,,,,,,
TROM1,51.9485,3501.525,15.1476,2016,,,,,,
TROM1,52.0456,3558.026,15.2447,2016,,,,,,
TROM1,52.1427,3680.77,15.3418,2016,,,,,,
TROM1,52.2398,3824.795,15.4389,2016,,,,,,
TROM1,52.3369,3952.734,0,2015,,,,,,
TROM1,52.434,4001.53,0.0970999999999975,2015,,,,,,
TROM2,52.434,3461.53,0.0970999999999975,2015,,,,,,
TROM2,52.5311,3382.673,0.194200000000002,2015,,,,,,
TROM2,52.6282,3268.45,0.2913,2015,,,,,,
TROM2,52.7253,3345.386,0.388399999999997,2015,,,,,,
TROM2,52.8224,3573.489,0.485500000000002,2015,,,,,,
TROM2,52.9195,3399.613,0.582599999999999,2015,,,,,,
TROM2,53.0166,3333.51,0.679699999999997,2015,,,,,,
TROM2,53.1137,3349.036,0.776800000000002,2015,,,,,,
TROM2,53.2108,3255.223,0.873899999999999,2015,,,,,,
TROM2,53.3079,3328.739,0.970999999999997,2015,,,,,,
TROM2,53.405,3510.448,1.0681,2015,,,,,,
TROM2,53.5021,3672.954,1.1652,2015,,,,,,
TROM2,53.5992,3540.198,1.2623,2015,,,,,,
TROM2,53.6963,3312.759,1.3594,2015,,,,,,
TROM2,53.7934,3374.833,1.4565,2015,,,,,,
TROM2,53.8905,3356.327,1.5536,2015,,,,,,
TROM2,53.9876,3430.394,1.6507,2015,,,,,,
TROM2,54.0847,3498.042,1.7478,2015,,,,,,
TROM2,54.1818,3516.892,1.8449,2015,,,,,,
TROM2,54.2789,3570.931,1.942,2015,,,,,,
TROM2,54.376,3643.561,2.0391,2015,,,,,,
TROM2,54.4731,3527.518,2.1362,2015,,,,,,
TROM2,54.5702,3420.084,2.2333,2015,,,,,,
TROM2,54.6673,3637.28,2.3304,2015,,,,,,
TROM2,54.7644,3705.286,2.4275,2015,,,,,,
TROM2,54.8615,3643.167,2.5246,2015,,,,,,
TROM2,54.9586,3487.265,2.6217,2015,,,,,,
TROM2,55.0557,3623.951,2.7188,2015,,,,,,
TROM2,55.1528,3662.87,2.8159,2015,,,,,,
TROM2,55.2499,3541.856,2.913,2015,,,,,,
TROM2,55.347,3557.014,3.0101,2015,,,,,,
TROM2,55.4441,3702.091,3.1072,2015,,,,,,
TROM2,55.5412,3874.927,3.2043,2015,,,,,,
TROM2,55.6383,3866.112,3.3014,2015,,,,,,
TROM2,55.7354,3900.881,3.3985,2015,,,,,,
TROM2,55.8325,4027.826,3.4956,2015,,,,,,
TROM2,55.9296,4132.464,3.5927,2015,,,,,,
TROM2,56.0267,4290.647,3.6898,2015,,,,,,
TROM2,56.1238,4377.004,3.7869,2015,,,,,,
TROM2,56.2209,4242.102,3.884,2015,,,,,,
TROM2,56.318,4182.922,3.9811,2015,,,,,,
TROM2,56.4151,4121.756,4.0782,2015,,,,,,
TROM2,56.5122,4235.616,4.1753,2015,,,,,,
TROM2,56.6093,4160.93,4.2724,2015,,,,,,
TROM2,56.7064,4006.656,4.3695,2015,,,,,,
TROM2,56.8035,3937.123,4.4666,2015,,,,,,
TROM2,56.9006,3994.001,4.5637,2015,,,,,,
TROM2,56.9977,4099.289,4.6608,2015,,,,,,
TROM2,57.0948,4118.536,4.7579,2015,,,,,,
TROM2,57.1919,4005.371,4.855,2015,,,,,,
TROM2,57.289,3888.382,4.9521,2015,,,,,,
TROM2,57.3861,3867.876,5.0492,2015,,,,,,
TROM2,57.4832,3972.84,5.1463,2015,,,,,,
TROM2,57.5803,3983.033,5.2434,2015,,,,,,
TROM2,57.6774,3744.511,5.3405,2015,,,,,,
TROM2,57.7745,3742.086,5.4376,2015,,,,,,
TROM2,57.8716,3793.861,5.5347,2015,,,,,,
TROM2,57.9687,3766.932,5.6318,2015,,,,,,
TROM2,58.0658,3901.691,5.7289,2015,,,,,,
TROM2,58.1629,4052.294,5.826,2015,,,,,,
TROM2,58.26,4033.913,5.9231,2015,,,,,,
TROM2,58.3571,3915.209,6.0202,2015,,,,,,
TROM2,58.4542,3888.717,6.1173,2015,,,,,,
TROM2,58.5513,3885.802,6.2144,2015,,,,,,
TROM2,58.6484,4195.963,6.3115,2015,,,,,,
TROM2,58.7455,4438.342,6.4086,2015,,,,,,
TROM2,58.8426,4237.746,6.5057,2015,,,,,,
TROM2,58.9397,4187.614,6.6028,2015,,,,,,
TROM2,59.0368,4118.774,6.6999,2015,,,,,,
TROM2,59.1339,4058.071,6.797,2015,,,,,,
TROM2,59.231,4077.57,6.8941,2015,,,,,,
TROM2,59.3281,4143.792,6.9912,2015,,,,,,
TROM2,59.4252,4246.452,7.0883,2015,,,,,,
TROM2,59.5223,4295.643,7.1854,2015,,,,,,
TROM2,59.6194,4257.206,7.2825,2015,,,,,,
TROM2,59.7165,4072.015,7.3796,2015,,,,,,
TROM2,59.8136,4157.182,7.4767,2015,,,,,,
TROM2,59.9107,4158.063,7.5738,2015,,,,,,
TROM2,60.0078,4168.72,7.6709,2015,,,,,,
TROM2,60.1049,4098.872,7.768,2015,,,,,,
TROM2,60.202,3946.905,7.8651,2015,,,,,,
TROM2,60.2991,3994.419,7.9622,2015,,,,,,
TROM2,60.3962,3921.365,8.0593,2015,,,,,,
TROM2,60.4933,3927.05,8.1564,2015,,,,,,
TROM2,60.5904,3960.261,8.2535,2015,,,,,,
TROM2,60.6875,3989.509,8.3506,2015,,,,,,
TROM2,60.7846,3822.394,8.4477,2015,,,,,,
TROM2,60.8817,3502.866,8.5448,2015,,,,,,
TROM2,60.9788,3272.8,8.6419,2015,,,,,,
TROM2,61.0759,3224.283,8.739,2015,,,,,,
TROM2,61.173,3141.404,8.8361,2015,,,,,,
TROM2,61.2701,3160.302,8.9332,2015,,,,,,
TROM2,61.3672,3328.521,9.0303,2015,,,,,,
TROM2,61.4643,3451.15,9.1274,2015,,,,,,
TROM2,61.5614,3484.152,9.2245,2015,,,,,,
TROM2,61.6585,3346.364,9.3216,2015,,,,,,
TROM2,61.7556,3307.328,9.4187,2015,,,,,,
TROM2,61.8527,3426.233,9.5158,2015,,,,,,
TROM2,61.9498,3627.229,9.6129,2015,,,,,,
TROM2,62.0469,3704.617,9.71,2015,,,,,,
TROM2,62.144,3659.831,9.8071,2015,,,,,,
TROM2,62.2411,3438.652,9.9042,2015,,,,,,
TROM2,62.3382,3446.025,10.0013,2015,,,,,,
TROM2,62.4353,3543.716,10.0984,2015,,,,,,
TROM2,62.5324,3659.583,10.1955,2015,,,,,,
TROM2,62.6295,3665.367,10.2926,2015,,,,,,
TROM2,62.7266,3686.441,10.3897,2015,,,,,,
TROM2,62.8237,3683.627,10.4868,2015,,,,,,
TROM2,62.9208,3750.455,10.5839,2015,,,,,,
TROM2,63.0179,3827.985,10.681,2015,,,,,,
TROM2,63.115,3690.622,10.7781,2015,,,,,,
TROM2,63.2121,3645.602,10.8752,2015,,,,,,
TROM2,63.3092,3670.76,10.9723,2015,,,,,,
TROM2,63.4063,3838.942,11.0694,2015,,,,,,
TROM2,63.5034,3822.564,11.1665,2015,,,,,,
TROM2,63.6005,3688.369,11.2636,2015,,,,,,
TROM2,63.6976,3584.606,11.3607,2015,,,,,,
TROM2,63.7947,3628.011,11.4578,2015,,,,,,
TROM2,63.8918,3652.054,11.5549,2015,,,,,,
TROM2,63.9889,3720.149,11.652,2015,,,,,,
TROM2,64.086,3787.165,11.7491,2015,,,,,,
TROM2,64.1831,3815.072,0,2014,,,,,,
TROM2,64.2802,3612.974,0.0970999999999975,2014,,,,,,
TROM2,64.3773,3631.419,0.194200000000009,2014,,,,,,
TROM2,64.4744,3635.925,0.291300000000007,2014,,,,,,
TROM2,64.5715,3546.547,0.388400000000004,2014,,,,,,
TROM2,64.6686,3813.546,0.485500000000002,2014,,,,,,
TROM2,64.7657,3986.594,0.582599999999999,2014,,,,,,
TROM2,64.8628,4158.002,0.679699999999997,2014,,,,,,
TROM2,64.9599,4047.191,0.776800000000009,2014,,,,,,
TROM2,65.057,4116.092,0.873900000000006,2014,,,,,,
TROM2,65.1541,4267.703,0.971000000000004,2014,,,,,,
TROM2,65.2512,4360.738,1.0681,2014,,,,,,
TROM2,65.3483,4315.184,1.1652,2014,,,,,,
TROM2,65.4454,4174.915,1.26230000000001,2014,,,,,,
TROM2,65.5425,4291.38,1.35940000000001,2014,,,,,,
TROM2,65.6396,4151.733,1.45650000000001,2014,,,,,,
TROM2,65.7367,3972.568,1.5536,2014,,,,,,
TROM2,65.8338,4093.751,1.6507,2014,,,,,,
TROM2,65.9309,4078.286,1.7478,2014,,,,,,
TROM2,66.028,3990.09,1.84490000000001,2014,,,,,,
TROM2,66.1251,3956.752,1.94200000000001,2014,,,,,,
TROM2,66.2222,3967.383,2.0391,2014,,,,,,
TROM2,66.3193,4069.363,2.1362,2014,,,,,,
TROM2,66.4164,4342.217,2.2333,2014,,,,,,
TROM2,66.5135,4104.151,2.3304,2014,,,,,,
TROM2,66.6106,3926.718,2.42750000000001,2014,,,,,,
TROM2,66.7077,4156.279,2.52460000000001,2014,,,,,,
TROM2,66.8048,4055.283,2.6217,2014,,,,,,
TROM2,66.9019,3991.397,2.7188,2014,,,,,,
TROM2,66.999,3957.944,2.8159,2014,,,,,,
TROM2,67.0961,4207.941,2.91300000000001,2014,,,,,,
TROM2,67.1932,4422.511,3.01010000000001,2014,,,,,,
TROM2,67.2903,4521.906,3.10720000000001,2014,,,,,,
TROM2,67.3874,4249.053,3.2043,2014,,,,,,
TROM2,67.4845,4013.275,3.3014,2014,,,,,,
TROM2,67.5816,4095.136,3.3985,2014,,,,,,
TROM2,67.6787,4312.868,3.49560000000001,2014,,,,,,
TROM2,67.7758,4392.202,3.59270000000001,2014,,,,,,
TROM2,67.8729,4213.232,3.68980000000001,2014,,,,,,
TROM2,67.97,4179.978,3.7869,2014,,,,,,
TROM2,68.0671,4112.853,3.884,2014,,,,,,
TROM2,68.1642,4003.494,3.9811,2014,,,,,,
TROM2,68.2613,4164.367,4.07820000000001,2014,,,,,,
TROM2,68.3584,4323.51,4.17530000000001,2014,,,,,,
TROM2,68.4555,4239.892,4.2724,2014,,,,,,
TROM2,68.5526,4094.028,4.3695,2014,,,,,,
TROM2,68.6497,4080.536,4.4666,2014,,,,,,
TROM2,68.7468,4041.727,4.5637,2014,,,,,,
TROM2,68.8439,3971.116,4.66080000000001,2014,,,,,,
TROM2,68.941,4000.077,4.75790000000001,2014,,,,,,
TROM2,69.0381,4147.27,4.855,2014,,,,,,
TROM2,69.1352,4107.822,4.9521,2014,,,,,,
TROM2,69.2323,3971.755,5.0492,2014,,,,,,
TROM2,69.3294,4015.87,5.14630000000001,2014,,,,,,
TROM2,69.4265,4311.275,5.24340000000001,2014,,,,,,
TROM2,69.5236,4125.067,5.34050000000001,2014,,,,,,
TROM2,69.6207,3986.34,5.4376,2014,,,,,,
TROM2,69.7178,3937.62,5.5347,2014,,,,,,
TROM2,69.8149,4001.702,5.6318,2014,,,,,,
TROM2,69.912,4056.225,5.72890000000001,2014,,,,,,
TROM2,70.0091,4033.801,5.82600000000001,2014,,,,,,
TROM2,70.1062,4073.58,5.92310000000001,2014,,,,,,
TROM2,70.2033,3862.953,6.0202,2014,,,,,,
TROM2,70.3004,3677.626,6.1173,2014,,,,,,
TROM2,70.3975,3652.099,6.2144,2014,,,,,,
TROM2,70.4946,3411.299,6.31150000000001,2014,,,,,,
TROM2,70.5917,3413.834,6.40860000000001,2014,,,,,,
TROM2,70.6888,3540.986,6.5057,2014,,,,,,
TROM2,70.7859,3610.187,6.6028,2014,,,,,,
TROM2,70.883,3658.414,6.6999,2014,,,,,,
TROM2,70.9801,3510.254,6.797,2014,,,,,,
TROM2,71.0772,3351.233,6.89410000000001,2014,,,,,,
TROM2,71.1743,3109.23,6.99120000000001,2014,,,,,,
TROM2,71.2714,3099.094,7.0883,2014,,,,,,
TROM2,71.3685,2938.313,7.1854,2014,,,,,,
TROM2,71.4656,2909.767,7.2825,2014,,,,,,
TROM2,71.5627,3250.327,7.37960000000001,2014,,,,,,
TROM2,71.6598,3358.154,7.47670000000001,2014,,,,,,
TROM2,71.7569,3461.809,0,2013,,,,,,
TROM2,71.854,3632.983,0.0970999999999975,2013,,,,,,
TROM2,71.9511,3471.1,0.194199999999995,2013,,,,,,
TROM2,72.0482,3307.269,0.291299999999993,2013,,,,,,
TROM2,72.1453,3208.976,0.388400000000004,2013,,,,,,
TROM2,72.2424,3207.483,0.485500000000002,2013,,,,,,
TROM2,72.3395,3282.414,0.582599999999999,2013,,,,,,
TROM2,72.4366,3421.987,0.679699999999997,2013,,,,,,
TROM2,72.5337,3525.719,0.776799999999994,2013,,,,,,
TROM2,72.6308,3508.165,0.873899999999992,2013,,,,,,
TROM2,72.7279,3395.575,0.971000000000004,2013,,,,,,
TROM2,72.825,3641.925,1.0681,2013,,,,,,
TROM2,72.9221,3667.331,1.1652,2013,,,,,,
TROM2,73.0192,3507.526,1.2623,2013,,,,,,
TROM2,73.1163,3650.861,1.35939999999999,2013,,,,,,
TROM2,73.2134,3710.514,1.45649999999999,2013,,,,,,
TROM2,73.3105,3762.762,1.5536,2013,,,,,,
TROM2,73.4076,3749.307,1.6507,2013,,,,,,
TROM2,73.5047,3752.936,1.7478,2013,,,,,,
TROM2,73.6018,3790.928,1.8449,2013,,,,,,
TROM2,73.6989,3848.247,1.94199999999999,2013,,,,,,
TROM2,73.796,3743.846,2.0391,2013,,,,,,
TROM2,73.8931,3599.53,2.1362,2013,,,,,,
TROM2,73.9902,3572.273,2.2333,2013,,,,,,
TROM2,74.0873,3564.584,2.3304,2013,,,,,,
TROM2,74.1844,3542.888,2.42749999999999,2013,,,,,,
TROM2,74.2815,3411.868,2.52459999999999,2013,,,,,,
TROM2,74.3786,3359.438,2.6217,2013,,,,,,
TROM2,74.4757,3321.124,2.7188,2013,,,,,,
TROM2,74.5728,3365.12,2.8159,2013,,,,,,
TROM2,74.6699,3316.423,2.913,2013,,,,,,
TROM2,74.767,3318.676,3.01009999999999,2013,,,,,,
TROM2,74.8641,3531.397,3.10719999999999,2013,,,,,,
TROM2,74.9612,3601.203,3.2043,2013,,,,,,
TROM2,75.0583,3644.634,3.3014,2013,,,,,,
TROM2,75.1554,3610.615,3.3985,2013,,,,,,
TROM2,75.2525,3517.45,3.4956,2013,,,,,,
TROM2,75.3496,3624.997,3.59269999999999,2013,,,,,,
TROM2,75.4467,3656.43,3.68980000000001,2013,,,,,,
TROM2,75.5438,3608.629,3.7869,2013,,,,,,
TROM2,75.6409,3703.35,3.884,2013,,,,,,
TROM2,75.738,3771.192,3.9811,2013,,,,,,
TROM2,75.8351,3751.756,4.0782,2013,,,,,,
TROM2,75.9322,3685.605,4.17529999999999,2013,,,,,,
TROM2,76.0293,3725.045,4.2724,2013,,,,,,
TROM2,76.1264,3830.164,4.3695,2013,,,,,,
TROM2,76.2235,3673.932,4.4666,2013,,,,,,
TROM2,76.3206,3535.667,4.5637,2013,,,,,,
TROM2,76.4177,3666.448,4.6608,2013,,,,,,
TROM2,76.5148,3847.661,4.75789999999999,2013,,,,,,
TROM2,76.6119,4000.039,4.855,2013,,,,,,
TROM2,76.709,3817.587,4.9521,2013,,,,,,
TROM2,76.8061,3617.838,5.0492,2013,,,,,,
TROM2,76.9032,3383.437,5.1463,2013,,,,,,
TROM2,77.0003,3604.492,5.24339999999999,2013,,,,,,
TROM2,77.0974,3694.194,5.34049999999999,2013,,,,,,
TROM2,77.1945,3585.031,5.4376,2013,,,,,,
TROM2,77.2916,3523.52,5.5347,2013,,,,,,
TROM2,77.3887,3364.206,5.6318,2013,,,,,,
TROM2,77.4858,3297.564,5.7289,2013,,,,,,
TROM2,77.5829,3441.592,5.82599999999999,2013,,,,,,
TROM2,77.68,3541.791,5.92310000000001,2013,,,,,,
TROM2,77.7771,3689.342,6.0202,2013,,,,,,
TROM2,77.8742,3695.387,6.1173,2013,,,,,,
TROM2,77.9713,3638.726,6.2144,2013,,,,,,
TROM2,78.0684,3751.134,6.3115,2013,,,,,,
TROM2,78.1655,3899.76,6.40859999999999,2013,,,,,,
TROM2,78.2626,3886.859,6.5057,2013,,,,,,
TROM2,78.3597,3797.984,6.6028,2013,,,,,,
TROM2,78.4568,3637.548,6.6999,2013,,,,,,
TROM2,78.5539,3458.161,6.797,2013,,,,,,
TROM2,78.651,3679.432,6.89409999999999,2013,,,,,,
TROM2,78.7481,3880.856,6.99119999999999,2013,,,,,,
TROM2,78.8452,4058.403,7.0883,2013,,,,,,
TROM2,78.9423,4173.057,7.1854,2013,,,,,,
TROM2,79.0394,4127.509,7.2825,2013,,,,,,
TROM2,79.1365,4332.378,7.3796,2013,,,,,,
TROM2,79.2336,4339.926,7.47669999999999,2013,,,,,,
TROM2,79.3307,4232.527,7.57379999999999,2013,,,,,,
TROM2,79.4278,4015.028,7.6709,2013,,,,,,
TROM2,79.5249,3964.369,7.768,2013,,,,,,
TROM2,79.622,3860.841,7.8651,2013,,,,,,
TROM2,79.7191,3694.392,7.9622,2013,,,,,,
TROM2,79.8162,3842.303,8.05929999999999,2013,,,,,,
TROM2,79.9133,3866.109,8.15640000000001,2013,,,,,,
TROM2,80.0104,3782.412,8.2535,2013,,,,,,
TROM2,80.1075,3920.052,8.3506,2013,,,,,,
TROM2,80.2046,4036.149,8.4477,2013,,,,,,
TROM2,80.3017,4003.241,8.5448,2013,,,,,,
TROM2,80.3988,3799.089,8.64189999999999,2013,,,,,,
TROM2,80.4959,3693.727,8.739,2013,,,,,,
TROM2,80.593,3766.037,8.8361,2013,,,,,,
TROM2,80.6901,3884.523,8.9332,2013,,,,,,
TROM2,80.7872,4167.989,9.0303,2013,,,,,,
TROM2,80.8843,4334.575,9.12739999999999,2013,,,,,,
TROM2,80.9814,4108.446,9.22449999999999,2013,,,,,,
TROM2,81.0785,3958.018,9.3216,2013,,,,,,
TROM2,81.1756,3983.157,9.4187,2013,,,,,,
TROM2,81.2727,3998.69,9.5158,2013,,,,,,
TROM2,81.3698,4010.491,9.6129,2013,,,,,,
TROM2,81.4669,4004.179,9.70999999999999,2013,,,,,,
TROM2,81.564,3966.962,9.80709999999999,2013,,,,,,
TROM2,81.6611,3938.518,9.9042,2013,,,,,,
TROM2,81.7582,3940.167,10.0013,2013,,,,,,
TROM2,81.8553,3995.686,10.0984,2013,,,,,,
TROM2,81.9524,3948.67,10.1955,2013,,,,,,
TROM2,82.0495,3842.267,10.2926,2013,,,,,,
TROM2,82.1466,3969.153,10.3897,2013,,,,,,
TROM2,82.2437,3869.986,10.4868,2013,,,,,,
TROM2,82.3408,3592.963,10.5839,2013,,,,,,
TROM2,82.4379,3385.992,10.681,2013,,,,,,
TROM2,82.535,3314.07,10.7781,2013,,,,,,
TROM2,82.6321,3285.394,10.8752,2013,,,,,,
TROM2,82.7292,3197.685,10.9723,2013,,,,,,
TROM2,82.8263,3204.585,11.0694,2013,,,,,,
TROM2,82.9234,3282.261,11.1665,2013,,,,,,
TROM2,83.0205,3202.712,0,2012,,,,,,
TROM2,83.1176,3216.876,0.0970999999999975,2012,,,,,,
TROM2,83.2147,3324.252,0.194199999999995,2012,,,,,,
TROM2,83.3118,3542.913,0.291300000000007,2012,,,,,,
TROM2,83.4089,3419.602,0.388400000000004,2012,,,,,,
TROM2,83.506,3305.567,0.485500000000002,2012,,,,,,
TROM2,83.6031,3434.377,0.582599999999999,2012,,,,,,
TROM2,83.7002,3327.304,0.679699999999997,2012,,,,,,
TROM2,83.7973,3304.965,0.776800000000009,2012,,,,,,
TROM2,83.8944,3472.38,0.873900000000006,2012,,,,,,
TROM2,83.9915,3383.181,0.971000000000004,2012,,,,,,
TROM2,84.0886,3338.519,1.0681,2012,,,,,,
TROM2,84.1857,3430.679,1.1652,2012,,,,,,
TROM2,84.2828,3499.764,1.2623,2012,,,,,,
TROM2,84.3799,3618.61,1.35940000000001,2012,,,,,,
TROM2,84.477,3632.03,1.45650000000001,2012,,,,,,
TROM2,84.5741,3602.334,1.5536,2012,,,,,,
TROM2,84.6712,3469.978,1.6507,2012,,,,,,
TROM2,84.7683,3481.871,1.7478,2012,,,,,,
TROM2,84.8654,3697.391,1.8449,2012,,,,,,
TROM2,84.9625,3839.996,1.94200000000001,2012,,,,,,
TROM2,85.0596,4001.115,2.0391,2012,,,,,,
TROM2,85.1567,3574.831,2.1362,2012,,,,,,
TROM2,85.2538,3436.334,2.2333,2012,,,,,,
TROM2,85.3509,3618.987,2.3304,2012,,,,,,
TROM2,85.448,3417.602,2.42749999999999,2012,,,,,,
TROM2,85.5451,3270.208,2.52460000000001,2012,,,,,,
TROM2,85.6422,3277.018,2.6217,2012,,,,,,
TROM2,85.7393,3366.797,2.7188,2012,,,,,,
TROM2,85.8364,3459.927,2.8159,2012,,,,,,
TROM2,85.9335,3539.664,2.913,2012,,,,,,
TROM2,86.0306,3585.715,3.01010000000001,2012,,,,,,
TROM2,86.1277,3610.626,3.10720000000001,2012,,,,,,
TROM2,86.2248,3652.737,3.2043,2012,,,,,,
TROM2,86.3219,3657.278,3.3014,2012,,,,,,
TROM2,86.419,3509.752,3.3985,2012,,,,,,
TROM2,86.5161,3483.878,3.4956,2012,,,,,,
TROM2,86.6132,3523.451,3.59270000000001,2012,,,,,,
TROM2,86.7103,3493.449,3.68980000000001,2012,,,,,,
TROM2,86.8074,3349.274,3.7869,2012,,,,,,
TROM2,86.9045,3260.795,3.884,2012,,,,,,
TROM2,87.0016,3277.83,3.9811,2012,,,,,,
TROM2,87.0987,3248.244,4.0782,2012,,,,,,
TROM2,87.1958,3204.584,4.17530000000001,2012,,,,,,
TROM2,87.2929,3254.371,4.2724,2012,,,,,,
TROM2,87.39,3376.899,4.3695,2012,,,,,,
TROM2,87.4871,3505.022,4.4666,2012,,,,,,
TROM2,87.5842,3486.052,4.5637,2012,,,,,,
TROM2,87.6813,3602.938,4.6608,2012,,,,,,
TROM2,87.7784,3753.32,4.75790000000001,2012,,,,,,
TROM2,87.8755,3781.849,4.855,2012,,,,,,
TROM2,87.9726,3678.75,4.9521,2012,,,,,,
TROM2,88.0697,3670.91,5.0492,2012,,,,,,
TROM2,88.1668,3737.616,5.1463,2012,,,,,,
TROM2,88.2639,3794.266,5.24340000000001,2012,,,,,,
TROM2,88.361,3845.566,5.34050000000001,2012,,,,,,
TROM2,88.4581,3841.618,5.4376,2012,,,,,,
TROM2,88.5552,4067.9,5.5347,2012,,,,,,
TROM2,88.6523,4193.238,5.6318,2012,,,,,,
TROM2,88.7494,3885.436,5.7289,2012,,,,,,
TROM2,88.8465,3754.94,5.82600000000001,2012,,,,,,
TROM2,88.9436,3645.052,5.92310000000001,2012,,,,,,
TROM2,89.0407,3648.171,6.0202,2012,,,,,,
TROM2,89.1378,3750.658,6.1173,2012,,,,,,
TROM2,89.2349,3897.95,6.2144,2012,,,,,,
TROM2,89.332,3924.987,6.3115,2012,,,,,,
TROM2,89.4291,3673.324,6.40860000000001,2012,,,,,,
TROM2,89.5262,3660.38,6.5057,2012,,,,,,
TROM2,89.6233,3945.876,6.6028,2012,,,,,,
TROM2,89.7204,3713.452,6.6999,2012,,,,,,
TROM2,89.8175,3635.589,6.797,2012,,,,,,
TROM2,89.9146,3717.155,6.89409999999999,2012,,,,,,
TROM2,90.0117,3804.976,6.99120000000001,2012,,,,,,
TROM2,90.1088,3877.679,7.0883,2012,,,,,,
TROM2,90.2059,3863.983,7.1854,2012,,,,,,
TROM2,90.303,3661.25,7.2825,2012,,,,,,
TROM2,90.4001,3711.39,7.3796,2012,,,,,,
TROM2,90.4972,3803.176,7.47670000000001,2012,,,,,,
TROM2,90.5943,3926.463,7.57380000000001,2012,,,,,,
TROM2,90.6914,3896.302,7.6709,2012,,,,,,
TROM2,90.7885,3781.786,7.768,2012,,,,,,
TROM2,90.8856,3943.936,7.8651,2012,,,,,,
TROM2,90.9827,3843.198,7.9622,2012,,,,,,
TROM2,91.0798,3712.502,8.05930000000001,2012,,,,,,
TROM2,91.1769,3845.191,8.15640000000001,2012,,,,,,
TROM2,91.274,3966.724,8.2535,2012,,,,,,
TROM2,91.3711,3990.01,8.3506,2012,,,,,,
TROM2,91.4682,3940.517,8.4477,2012,,,,,,
TROM2,91.5653,3877.595,8.5448,2012,,,,,,
TROM2,91.6624,3819.253,8.64190000000001,2012,,,,,,
TROM2,91.7595,3596.537,8.739,2012,,,,,,
TROM2,91.8566,3662.356,8.8361,2012,,,,,,
TROM2,91.9537,3746.698,8.9332,2012,,,,,,
TROM2,92.0508,3764.357,9.0303,2012,,,,,,
TROM2,92.1479,3864.045,9.12740000000001,2012,,,,,,
TROM2,92.245,3885.851,9.22450000000001,2012,,,,,,
TROM2,92.3421,3925.564,9.3216,2012,,,,,,
TROM2,92.4392,4049.442,9.4187,2012,,,,,,
TROM2,92.5363,4051.89,9.5158,2012,,,,,,
TROM2,92.6334,3783.38,9.6129,2012,,,,,,
TROM2,92.7305,3908.351,9.71000000000001,2012,,,,,,
TROM2,92.8276,3957.494,9.80710000000001,2012,,,,,,
TROM2,92.9247,3742.234,9.9042,2012,,,,,,
TROM2,93.0218,3884.255,10.0013,2012,,,,,,
TROM2,93.1189,4046.823,10.0984,2012,,,,,,
TROM2,93.216,4283.088,10.1955,2012,,,,,,
TROM2,93.3131,4116.57,10.2926,2012,,,,,,
TROM2,93.4102,3999.95,10.3897,2012,,,,,,
TROM2,93.5073,3908.961,10.4868,2012,,,,,,
TROM2,93.6044,3748.793,10.5839,2012,,,,,,
TROM2,93.7015,3752.621,10.681,2012,,,,,,
TROM2,93.7986,3976.223,10.7781,2012,,,,,,
TROM2,93.8957,3747.606,10.8752,2012,,,,,,
TROM2,93.9928,3610.506,10.9723,2012,,,,,,
TROM2,94.0899,3659.296,11.0694,2012,,,,,,
TROM2,94.187,3556.042,11.1665,2012,,,,,,
TROM2,94.2841,3438.999,11.2636,2012,,,,,,
TROM2,94.3812,3531.41,11.3607,2012,,,,,,
TROM2,94.4783,3538.495,11.4578,2012,,,,,,
TROM2,94.5754,3555.07,11.5549,2012,,,,,,
TROM2,94.6725,3628.643,11.652,2012,,,,,,
TROM2,94.7696,3477.875,11.7491,2012,,,,,,
TROM2,94.8667,3494.202,11.8462,2012,,,,,,
TROM2,94.9638,3626.512,11.9433,2012,,,,,,
TROM2,95.0609,3672.517,12.0404,2012,,,,,,
TROM2,95.158,3420.636,12.1375,2012,,,,,,
TROM2,95.2551,3298.86,12.2346,2012,,,,,,
TROM2,95.3522,3359.295,12.3317,2012,,,,,,
TROM2,95.4493,3190.734,0,2011,,,,,,
TROM2,95.5464,3254.652,0.0971000000000117,2011,,,,,,
TROM2,95.6435,3394.696,0.194200000000009,2011,,,,,,
TROM2,95.7406,3312.635,0.291300000000007,2011,,,,,,
TROM2,95.8377,3227.687,0.388400000000004,2011,,,,,,
TROM2,95.9348,3150.783,0.485500000000002,2011,,,,,,
TROM2,96.0319,3105.41,0.582599999999999,2011,,,,,,
TROM2,96.129,3201.867,0.679700000000011,2011,,,,,,
TROM2,96.2261,3241.536,0.776800000000009,2011,,,,,,
TROM2,96.3232,3053.71,0.873900000000006,2011,,,,,,
TROM2,96.4203,3034.941,0.971000000000004,2011,,,,,,
TROM2,96.5174,3088.477,1.0681,2011,,,,,,
TROM2,96.6145,3068.558,1.16520000000001,2011,,,,,,
TROM2,96.7116,3176.954,1.26230000000001,2011,,,,,,
TROM2,96.8087,3346.587,1.35940000000001,2011,,,,,,
TROM2,96.9058,3459.371,1.45650000000001,2011,,,,,,
TROM2,97.0029,3407.844,1.5536,2011,,,,,,
TROM2,97.1,3503.643,1.6507,2011,,,,,,
TROM2,97.1971,3815.82,1.74780000000001,2011,,,,,,
TROM2,97.2942,3734.12,1.84490000000001,2011,,,,,,
TROM2,97.3913,3606.847,1.94200000000001,2011,,,,,,
TROM2,97.4884,3438.046,2.0391,2011,,,,,,
TROM2,97.5855,3329.895,2.1362,2011,,,,,,
TROM2,97.6826,3379.987,2.2333,2011,,,,,,
TROM2,97.7797,3631.386,2.33040000000001,2011,,,,,,
TROM2,97.8768,3677.921,2.42750000000001,2011,,,,,,
TROM2,97.9739,3649.895,2.52460000000001,2011,,,,,,
TROM2,98.071,3602.71,2.6217,2011,,,,,,
TROM2,98.1681,3555.762,2.7188,2011,,,,,,
TROM2,98.2652,3495.432,2.8159,2011,,,,,,
TROM2,98.3623,3453.446,2.91300000000001,2011,,,,,,
TROM2,98.4594,3498.779,3.01010000000001,2011,,,,,,
TROM2,98.5565,3586.006,3.10720000000001,2011,,,,,,
TROM2,98.6536,3775.075,3.2043,2011,,,,,,
TROM2,98.7507,3821.962,3.3014,2011,,,,,,
TROM2,98.8478,3718.254,3.39850000000001,2011,,,,,,
TROM2,98.9449,3625.817,3.49560000000001,2011,,,,,,
TROM2,99.042,3721.504,3.59270000000001,2011,,,,,,
TROM2,99.1391,3852.457,3.68980000000001,2011,,,,,,
TROM2,99.2362,3993.529,3.7869,2011,,,,,,
TROM2,99.3333,3928.971,3.884,2011,,,,,,
TROM2,99.4304,3892.31,3.98110000000001,2011,,,,,,
TROM2,99.5275,3825.965,4.07820000000001,2011,,,,,,
TROM2,99.6246,3733.764,4.17530000000001,2011,,,,,,
TROM2,99.7217,3905.857,4.2724,2011,,,,,,
TROM2,99.8188,4097.871,4.3695,2011,,,,,,
TROM2,99.9159,4112.533,4.4666,2011,,,,,,
TROM2,100.013,4170.298,4.56370000000001,2011,,,,,,
TROM2,100.1101,4254.748,4.66080000000001,2011,,,,,,
TROM2,100.2072,4341.073,4.75790000000001,2011,,,,,,
TROM2,100.3043,4280.734,4.855,2011,,,,,,
TROM2,100.4014,4190.229,4.9521,2011,,,,,,
TROM2,100.4985,4020.051,5.04920000000001,2011,,,,,,
TROM2,100.5956,4117.193,5.14630000000001,2011,,,,,,
TROM2,100.6927,4259.634,5.24340000000001,2011,,,,,,
TROM2,100.7898,3964.373,5.34050000000001,2011,,,,,,
TROM2,100.8869,4069.232,5.4376,2011,,,,,,
TROM2,100.984,4180.136,5.5347,2011,,,,,,
TROM2,101.0811,4109.94,5.63180000000001,2011,,,,,,
TROM2,101.1782,4070.167,5.72890000000001,2011,,,,,,
TROM2,101.2753,3975.278,5.82600000000001,2011,,,,,,
TROM2,101.3724,4143.85,5.92310000000001,2011,,,,,,
TROM2,101.4695,4047.957,6.0202,2011,,,,,,
TROM2,101.5666,3955.779,6.1173,2011,,,,,,
TROM2,101.6637,4097.627,6.21440000000001,2011,,,,,,
TROM2,101.7608,4216.404,6.31150000000001,2011,,,,,,
TROM2,101.8579,4420.837,6.40860000000001,2011,,,,,,
TROM2,101.955,4626.31,6.5057,2011,,,,,,
TROM2,102.0521,4792.286,6.6028,2011,,,,,,
TROM2,102.1492,4739.226,6.6999,2011,,,,,,
TROM2,102.2463,4635.427,6.79700000000001,2011,,,,,,
TROM2,102.3434,4661.5,6.89410000000001,2011,,,,,,
TROM2,102.4405,4598.764,6.99120000000001,2011,,,,,,
TROM2,102.5376,4531.901,7.0883,2011,,,,,,
TROM2,102.6347,4383.573,7.1854,2011,,,,,,
TROM2,102.7318,4316.511,7.28250000000001,2011,,,,,,
TROM2,102.8289,4412.019,7.37960000000001,2011,,,,,,
TROM2,102.926,4541.98,7.47670000000001,2011,,,,,,
TROM2,103.0231,4486.821,7.57380000000001,2011,,,,,,
TROM2,103.1202,4410.98,7.6709,2011,,,,,,
TROM2,103.2173,4239.868,7.768,2011,,,,,,
TROM2,103.3144,4219.794,7.86510000000001,2011,,,,,,
TROM2,103.4115,4401.455,7.96220000000001,2011,,,,,,
TROM2,103.5086,4402.889,8.05930000000001,2011,,,,,,
TROM2,103.6057,4122.663,8.15640000000001,2011,,,,,,
TROM2,103.7028,4005.326,8.2535,2011,,,,,,
TROM2,103.7999,3994.739,8.3506,2011,,,,,,
TROM2,103.897,3826.396,8.44770000000001,2011,,,,,,
TROM2,103.9941,3872.774,8.54480000000001,2011,,,,,,
TROM2,104.0912,4050.929,8.64190000000001,2011,,,,,,
TROM2,104.1883,4056.404,8.739,2011,,,,,,
TROM2,104.2854,4043.721,8.8361,2011,,,,,,
TROM2,104.3825,4062.521,8.9332,2011,,,,,,
TROM2,104.4796,3965.56,9.03030000000001,2011,,,,,,
TROM2,104.5767,3962.239,9.12740000000001,2011,,,,,,
TROM2,104.6738,3921.321,9.22450000000001,2011,,,,,,
TROM2,104.7709,3793.742,9.3216,2011,,,,,,
TROM2,104.868,3787.967,9.4187,2011,,,,,,
TROM2,104.9651,3672.777,9.51580000000001,2011,,,,,,
TROM2,105.0622,3499.951,9.61290000000001,2011,,,,,,
TROM2,105.1593,3344.719,9.71000000000001,2011,,,,,,
TROM2,105.2564,3235.547,9.80710000000001,2011,,,,,,
TROM2,105.3535,3084.284,9.9042,2011,,,,,,
TROM2,105.4506,3260.368,10.0013,2011,,,,,,
TROM2,105.5477,3439.912,10.0984,2011,,,,,,
TROM2,105.6448,3486.091,10.1955,2011,,,,,,
TROM2,105.7419,3408.82,0,2010,,,,,,
TROM2,105.839,3365.505,0.0970999999999975,2010,,,,,,
TROM2,105.9361,3352.849,0.194199999999995,2010,,,,,,
TROM2,106.0332,3378.804,0.291299999999993,2010,,,,,,
TROM2,106.1303,3413.364,0.388400000000004,2010,,,,,,
TROM2,106.2274,3626.141,0.485500000000002,2010,,,,,,
TROM2,106.3245,3248.405,0.582599999999999,2010,,,,,,
TROM2,106.4216,3045.075,0.679699999999997,2010,,,,,,
TROM2,106.5187,3074.479,0.776799999999994,2010,,,,,,
TROM2,106.6158,3313.944,0.873899999999992,2010,,,,,,
TROM2,106.7129,3458.399,0.971000000000004,2010,,,,,,
TROM2,106.81,3600.906,1.0681,2010,,,,,,
TROM2,106.9071,3711.124,1.1652,2010,,,,,,
TROM2,107.0042,3812.234,1.2623,2010,,,,,,
TROM2,107.1013,3883.687,1.35939999999999,2010,,,,,,
TROM2,107.1984,3654.449,1.45650000000001,2010,,,,,,
TROM2,107.2955,3476.716,1.5536,2010,,,,,,
TROM2,107.3926,3411.908,1.6507,2010,,,,,,
TROM2,107.4897,3751.917,1.7478,2010,,,,,,
TROM2,107.5868,3920.629,1.8449,2010,,,,,,
TROM2,107.6839,3977.961,1.94199999999999,2010,,,,,,
TROM2,107.781,3913.589,2.0391,2010,,,,,,
TROM2,107.8781,3880.598,2.1362,2010,,,,,,
TROM2,107.9752,3911.572,2.2333,2010,,,,,,
TROM2,108.0723,3902.271,2.3304,2010,,,,,,
TROM2,108.1694,4073.684,2.42749999999999,2010,,,,,,
TROM2,108.2665,4141.819,2.52459999999999,2010,,,,,,
TROM2,108.3636,3993.656,2.6217,2010,,,,,,
TROM2,108.4607,3853.942,2.7188,2010,,,,,,
TROM2,108.5578,3795.92,2.8159,2010,,,,,,
TROM2,108.6549,3951.369,2.913,2010,,,,,,
TROM2,108.752,3896.867,3.01009999999999,2010,,,,,,
TROM2,108.8491,3747.511,3.10720000000001,2010,,,,,,
TROM2,108.9462,3586.166,3.2043,2010,,,,,,
TROM2,109.0433,3670.209,3.3014,2010,,,,,,
TROM2,109.1404,3836.312,3.3985,2010,,,,,,
TROM2,109.2375,3971.745,3.4956,2010,,,,,,
TROM2,109.3346,3977.355,3.59269999999999,2010,,,,,,
TROM2,109.4317,3998.692,3.68980000000001,2010,,,,,,
TROM2,109.5288,4000.635,3.7869,2010,,,,,,
TROM2,109.6259,3898.606,3.884,2010,,,,,,
TROM2,109.723,3886.301,3.9811,2010,,,,,,
TROM2,109.8201,4052.163,4.0782,2010,,,,,,
TROM2,109.9172,3925.494,4.17529999999999,2010,,,,,,
TROM2,110.0143,3876.243,4.2724,2010,,,,,,
TROM2,110.1114,3749.55,4.3695,2010,,,,,,
TROM2,110.2085,3740.147,4.4666,2010,,,,,,
TROM2,110.3056,3836.073,4.5637,2010,,,,,,
TROM2,110.4027,3920.245,4.6608,2010,,,,,,
TROM2,110.4998,3941.463,4.75789999999999,2010,,,,,,
TROM2,110.5969,3837.73,4.855,2010,,,,,,
TROM2,110.694,3658.843,4.9521,2010,,,,,,
TROM2,110.7911,3903.473,5.0492,2010,,,,,,
TROM2,110.8882,4090.535,5.1463,2010,,,,,,
TROM2,110.9853,4233.442,5.24339999999999,2010,,,,,,
TROM2,111.0824,4185.099,5.34050000000001,2010,,,,,,
TROM2,111.1795,4157.17,5.4376,2010,,,,,,
TROM2,111.2766,4169.215,5.5347,2010,,,,,,
TROM2,111.3737,4127.002,5.6318,2010,,,,,,
TROM2,111.4708,4174.348,5.7289,2010,,,,,,
TROM2,111.5679,4236.171,5.82599999999999,2010,,,,,,
TROM2,111.665,4104.454,5.92310000000001,2010,,,,,,
TROM2,111.7621,4124.149,6.0202,2010,,,,,,
TROM2,111.8592,4212.144,6.1173,2010,,,,,,
TROM2,111.9563,4205.925,6.2144,2010,,,,,,
TROM2,112.0534,4144.631,6.3115,2010,,,,,,
TROM2,112.1505,4086.453,6.40859999999999,2010,,,,,,
TROM2,112.2476,4090.124,6.5057,2010,,,,,,
TROM2,112.3447,4111.674,6.6028,2010,,,,,,
TROM2,112.4418,4170.453,6.6999,2010,,,,,,
TROM2,112.5389,4235.141,6.797,2010,,,,,,
TROM2,112.636,4198.213,6.89409999999999,2010,,,,,,
TROM2,112.7331,4192.936,6.99119999999999,2010,,,,,,
TROM2,112.8302,4338.139,7.0883,2010,,,,,,
TROM2,112.9273,4330.819,7.1854,2010,,,,,,
TROM2,113.0244,4469.997,7.2825,2010,,,,,,
TROM2,113.1215,4537.073,7.3796,2010,,,,,,
TROM2,113.2186,4552.347,7.47669999999999,2010,,,,,,
TROM2,113.3157,4492.802,7.57380000000001,2010,,,,,,
TROM2,113.4128,4476.349,7.6709,2010,,,,,,
TROM2,113.5099,4548.059,7.768,2010,,,,,,
TROM2,113.607,4496.923,7.8651,2010,,,,,,
TROM2,113.7041,4615.076,7.9622,2010,,,,,,
TROM2,113.8012,5115.5,8.05929999999999,2010,,,,,,
TROM2,113.8983,4891.471,8.15640000000001,2010,,,,,,
TROM2,113.9954,4583.823,8.2535,2010,,,,,,
TROM2,114.0925,4407.199,8.3506,2010,,,,,,
TROM2,114.1896,4447.199,8.4477,2010,,,,,,
TROM2,114.2867,4459.785,8.5448,2010,,,,,,
TROM2,114.3838,4469.786,8.64189999999999,2010,,,,,,
TROM2,114.4809,4550.794,8.739,2010,,,,,,
TROM2,114.578,4624.35,8.8361,2010,,,,,,
TROM2,114.6751,4676.838,8.9332,2010,,,,,,
TROM2,114.7722,4543.613,9.0303,2010,,,,,,
TROM2,114.8693,4410.313,9.12739999999999,2010,,,,,,
TROM2,114.9664,4190.404,9.22449999999999,2010,,,,,,
TROM2,115.0635,4185.372,9.3216,2010,,,,,,
TROM2,115.1606,4342.644,9.4187,2010,,,,,,
TROM2,115.2577,4643.405,9.5158,2010,,,,,,
TROM2,115.3548,4514.44,9.6129,2010,,,,,,
TROM2,115.4519,4438.265,9.70999999999999,2010,,,,,,
TROM2,115.549,4357.316,9.80710000000001,2010,,,,,,
TROM2,115.6461,4342.365,9.9042,2010,,,,,,
TROM2,115.7432,4437.015,10.0013,2010,,,,,,
TROM2,115.8403,4510.521,10.0984,2010,,,,,,
TROM2,115.9374,4383.183,10.1955,2010,,,,,,
TROM2,116.0345,4380.01,10.2926,2010,,,,,,
TROM2,116.1316,4410.508,10.3897,2010,,,,,,
TROM2,116.2287,4360.774,10.4868,2010,,,,,,
TROM2,116.3258,4314.53,10.5839,2010,,,,,,
TROM2,116.4229,4258.938,10.681,2010,,,,,,
TROM2,116.52,4232.434,10.7781,2010,,,,,,
TROM2,116.6171,4096.485,10.8752,2010,,,,,,
TROM2,116.7142,4012.726,10.9723,2010,,,,,,
TROM2,116.8113,4135.729,11.0694,2010,,,,,,
TROM2,116.9084,4203.495,11.1665,2010,,,,,,
TROM2,117.0055,4174.361,11.2636,2010,,,,,,
TROM2,117.1026,3867.594,11.3607,2010,,,,,,
TROM2,117.1997,3674.691,11.4578,2010,,,,,,
TROM2,117.2968,3636.526,11.5549,2010,,,,,,
TROM2,117.3939,3618.038,11.652,2010,,,,,,
TROM2,117.491,3636.68,11.7491,2010,,,,,,
TROM2,117.5881,3843.297,11.8462,2010,,,,,,
TROM2,117.6852,4163.632,11.9433,2010,,,,,,
TROM2,117.7823,4236.06,12.0404,2010,,,,,,
TROM2,117.8794,4068.807,12.1375,2010,,,,,,
TROM2,117.9765,3905.469,12.2346,2010,,,,,,
TROM2,118.0736,3905.399,12.3317,2010,,,,,,
TROM2,118.1707,3961.094,12.4288,2010,,,,,,
TROM2,118.2678,4261.979,12.5259,2010,,,,,,
TROM2,118.3649,4279.899,12.623,2010,,,,,,
TROM2,118.462,4276.933,12.7201,2010,,,,,,
TROM2,118.5591,4469.333,12.8172,2010,,,,,,
TROM2,118.6562,4447.183,12.9143,2010,,,,,,
TROM2,118.7533,4321.992,13.0114,2010,,,,,,
TROM2,118.8504,4202.733,13.1085,2010,,,,,,
