transect_ID,distance,HU,relative_distance,Year
GLOM2_a1_1,0.6797,3597.233,0.6797,2019
GLOM2_a1_1,0.7768,3929.165,0.7768,2019
GLOM2_a1_1,0.8739,3981.109,0.8739,2019
GLOM2_a1_1,0.971,4269.374,0.971,2019
GLOM2_a1_1,1.0681,4317.272,1.0681,2019
GLOM2_a1_1,1.1652,4352.462,1.1652,2019
GLOM2_a1_1,1.2623,4458.099,1.2623,2019
GLOM2_a1_1,1.3594,4526.292,1.3594,2019
GLOM2_a1_1,1.4565,4627.76,1.4565,2019
GLOM2_a1_1,1.5536,4500.585,1.5536,2019
GLOM2_a1_1,1.6507,4636.101,1.6507,2019
GLOM2_a1_1,1.7478,4525.371,1.7478,2019
GLOM2_a1_1,1.8449,4481.592,1.8449,2019
GLOM2_a1_1,1.942,4554.742,1.942,2019
GLOM2_a1_1,2.0391,4524.6,2.0391,2019
GLOM2_a1_1,2.1362,4491.268,2.1362,2019
GLOM2_a1_1,2.2333,4782.081,2.2333,2019
GLOM2_a1_1,2.3304,4518.585,2.3304,2019
GLOM2_a1_1,2.4275,4522.969,2.4275,2019
GLOM2_a1_1,2.5246,4442.918,2.5246,2019
GLOM2_a1_1,2.6217,4071.945,2.6217,2019
GLOM2_a1_1,2.7188,4095.069,2.7188,2019
GLOM2_a1_1,2.8159,4369.84,2.8159,2019
GLOM2_a1_1,2.913,4214.014,2.913,2019
GLOM2_a1_1,3.0101,4025.77,3.0101,2019
GLOM2_a1_1,3.1072,4049.003,3.1072,2019
GLOM2_a1_1,3.2043,4322.584,3.2043,2019
GLOM2_a1_1,3.3014,4214.124,3.3014,2019
GLOM2_a1_1,3.3985,4096.554,3.3985,2019
GLOM2_a1_1,3.4956,4130.817,3.4956,2019
GLOM2_a1_1,3.5927,4113.219,3.5927,2019
GLOM2_a1_1,3.6898,4192.325,3.6898,2019
GLOM2_a1_1,3.7869,4315.744,3.7869,2019
GLOM2_a1_1,3.884,4166.78,3.884,2019
GLOM2_a1_1,3.9811,4238.514,3.9811,2019
GLOM2_a1_1,4.0782,4257.122,4.0782,2019
GLOM2_a1_1,4.1753,4176.523,4.1753,2019
GLOM2_a1_1,4.2724,4127.02,4.2724,2019
GLOM2_a1_1,4.3695,4131.589,4.3695,2019
GLOM2_a1_1,4.4666,4098.528,4.4666,2019
GLOM2_a1_1,4.5637,4293.347,4.5637,2019
GLOM2_a1_1,4.6608,4234.505,4.6608,2019
GLOM2_a1_1,4.7579,4138.915,4.7579,2019
GLOM2_a1_1,4.855,4150.708,4.855,2019
GLOM2_a1_1,4.9521,4039.007,4.9521,2019
GLOM2_a1_1,5.0492,3978.347,5.0492,2019
GLOM2_a1_1,5.1463,4043.135,5.1463,2019
GLOM2_a1_1,5.2434,3885.1,5.2434,2019
GLOM2_a1_1,5.3405,4064.625,5.3405,2019
GLOM2_a1_1,5.4376,4113.497,5.4376,2019
GLOM2_a1_1,5.5347,4060.413,5.5347,2019
GLOM2_a1_1,5.6318,4076.975,5.6318,2019
GLOM2_a1_1,5.7289,3981.033,5.7289,2019
GLOM2_a1_1,5.826,3880.676,5.826,2019
GLOM2_a1_1,5.9231,3951.487,5.9231,2019
GLOM2_a1_1,6.0202,3808.786,6.0202,2019
GLOM2_a1_1,6.1173,3863.24,6.1173,2019
GLOM2_a1_1,6.2144,4104.976,6.2144,2019
GLOM2_a1_1,6.3115,3983.639,6.3115,2019
GLOM2_a1_1,6.4086,3878.77,6.4086,2019
GLOM2_a1_1,6.5057,3946.219,6.5057,2019
GLOM2_a1_1,6.6028,3690.654,6.6028,2019
GLOM2_a1_1,6.6999,3649.812,6.6999,2019
GLOM2_a1_1,6.797,3660.702,6.797,2019
GLOM2_a1_1,6.8941,3622.376,6.8941,2019
GLOM2_a1_1,6.9912,3609.694,6.9912,2019
GLOM2_a1_1,7.0883,3477.232,7.0883,2019
GLOM2_a1_1,7.1854,3439.517,7.1854,2019
GLOM2_a1_1,7.2825,3403.385,7.2825,2019
GLOM2_a1_1,7.3796,3513.589,7.3796,2019
GLOM2_a1_1,7.4767,3537.154,7.4767,2019
GLOM2_a1_1,7.5738,3582.212,7.5738,2019
GLOM2_a1_1,7.6709,3681.091,7.6709,2019
GLOM2_a1_1,7.768,3689.357,7.768,2019
GLOM2_a1_1,7.8651,3893.759,7.8651,2019
GLOM2_a1_1,7.9622,3890.123,7.9622,2019
GLOM2_a1_1,8.0593,4138.457,8.0593,2019
GLOM2_a1_1,8.1564,4371.401,8.1564,2019
GLOM2_a1_1,8.2535,4160.728,8.2535,2019
GLOM2_a1_1,8.3506,4121.648,8.3506,2019
GLOM2_a1_1,8.4477,4174.858,8.4477,2019
GLOM2_a1_1,8.5448,3975.402,8.5448,2019
GLOM2_a1_1,8.6419,4040.428,8.6419,2019
GLOM2_a1_1,8.739,3879.289,8.739,2019
GLOM2_a1_1,8.8361,3893.967,8.8361,2019
GLOM2_a1_1,8.9332,4175.788,8.9332,2019
GLOM2_a1_1,9.0303,4124.487,9.0303,2019
GLOM2_a1_1,9.1274,4003.996,9.1274,2019
GLOM2_a1_1,9.2245,4023.708,9.2245,2019
GLOM2_a1_1,9.3216,4017.312,9.3216,2019
GLOM2_a1_1,9.4187,4233.375,9.4187,2019
GLOM2_a1_1,9.5158,4078.383,9.5158,2019
GLOM2_a1_1,9.6129,4177.784,9.6129,2019
GLOM2_a1_1,9.71,4280.99,9.71,2019
GLOM2_a1_1,9.8071,4215.224,9.8071,2019
GLOM2_a1_1,9.9042,4080.79,9.9042,2019
GLOM2_a1_1,10.0013,4309.519,10.0013,2019
GLOM2_a1_1,10.0984,4439.707,10.0984,2019
GLOM2_a1_1,10.1955,4034.462,10.1955,2019
GLOM2_a1_1,10.2926,4036.676,10.2926,2019
GLOM2_a1_1,10.3897,4070.478,10.3897,2019
GLOM2_a1_1,10.4868,4125.542,10.4868,2019
GLOM2_a1_1,10.5839,4451.671,10.5839,2019
GLOM2_a1_1,10.681,4685.368,10.681,2019
GLOM2_a1_1,10.7781,4590.881,10.7781,2019
GLOM2_a1_1,10.8752,4705.086,10.8752,2019
GLOM2_a1_1,10.9723,4684.161,10.9723,2019
GLOM2_a1_1,11.0694,4410.486,0,2018
GLOM2_a1_1,11.1665,4547.599,0.0970999999999993,2018
GLOM2_a1_1,11.2636,4521.675,0.1942,2018
GLOM2_a1_1,11.3607,4467.9,0.2913,2018
GLOM2_a1_1,11.4578,4392.985,0.388400000000001,2018
GLOM2_a1_1,11.5549,4463.947,0.4855,2018
GLOM2_a1_1,11.652,4733.269,0.582599999999999,2018
GLOM2_a1_1,11.7491,4768.778,0.6797,2018
GLOM2_a1_1,11.8462,4865.062,0.7768,2018
GLOM2_a1_1,11.9433,5045.575,0.873900000000001,2018
GLOM2_a1_1,12.0404,4973.588,0.971,2018
GLOM2_a1_1,12.1375,5170.787,1.0681,2018
GLOM2_a1_1,12.2346,5127.381,1.1652,2018
GLOM2_a1_1,12.3317,5118.089,1.2623,2018
GLOM2_a1_1,12.4288,5047.027,1.3594,2018
GLOM2_a1_1,12.5259,4679.132,1.4565,2018
GLOM2_a1_1,12.623,4582.101,1.5536,2018
GLOM2_a1_1,12.7201,4417.813,1.6507,2018
GLOM2_a1_1,12.8172,4383.751,1.7478,2018
GLOM2_a1_1,12.9143,4096.441,1.8449,2018
GLOM2_a1_1,13.0114,3902.176,1.942,2018
GLOM2_a1_1,13.1085,3894.06,2.0391,2018
GLOM2_a1_1,13.2056,4076.462,2.1362,2018
GLOM2_a1_1,13.3027,4029.603,2.2333,2018
GLOM2_a1_1,13.3998,4123.081,2.3304,2018
GLOM2_a1_1,13.4969,3858.943,2.4275,2018
GLOM2_a1_1,13.594,4025.695,2.5246,2018
GLOM2_a1_1,13.6911,3894.812,2.6217,2018
GLOM2_a1_1,13.7882,3976.827,2.7188,2018
GLOM2_a1_1,13.8853,4379.08,2.8159,2018
GLOM2_a1_1,13.9824,4217.688,2.913,2018
GLOM2_a1_1,14.0795,4300.181,3.0101,2018
GLOM2_a1_1,14.1766,4255.183,3.1072,2018
GLOM2_a1_1,14.2737,4225.962,3.2043,2018
GLOM2_a1_1,14.3708,4381.125,3.3014,2018
GLOM2_a1_1,14.4679,4152.972,3.3985,2018
GLOM2_a1_1,14.565,4363.887,3.4956,2018
GLOM2_a1_1,14.6621,4284.009,3.5927,2018
GLOM2_a1_1,14.7592,4235.188,3.6898,2018
GLOM2_a1_1,14.8563,4547.359,3.7869,2018
GLOM2_a1_1,14.9534,4496.137,3.884,2018
GLOM2_a1_1,15.0505,4621.095,3.9811,2018
GLOM2_a1_1,15.1476,4620.264,4.0782,2018
GLOM2_a1_1,15.2447,4574.265,4.1753,2018
GLOM2_a1_1,15.3418,4761.615,4.2724,2018
GLOM2_a1_1,15.4389,4507.625,4.3695,2018
GLOM2_a1_1,15.536,4507.637,4.4666,2018
GLOM2_a1_1,15.6331,4460.878,4.5637,2018
GLOM2_a1_1,15.7302,4330.71,4.6608,2018
GLOM2_a1_1,15.8273,4331.257,4.7579,2018
GLOM2_a1_1,15.9244,4259.295,4.855,2018
GLOM2_a1_1,16.0215,4177.879,4.9521,2018
GLOM2_a1_1,16.1186,4141.672,5.0492,2018
GLOM2_a1_1,16.2157,4034.713,5.1463,2018
GLOM2_a1_1,16.3128,3748.101,5.2434,2018
GLOM2_a1_1,16.4099,3887.493,5.3405,2018
GLOM2_a1_1,16.507,4147.752,5.4376,2018
GLOM2_a1_1,16.6041,4205.472,5.5347,2018
GLOM2_a1_1,16.7012,4230.33,5.6318,2018
GLOM2_a1_1,16.7983,4023.348,5.7289,2018
GLOM2_a1_1,16.8954,3990.882,5.826,2018
GLOM2_a1_1,16.9925,4004.816,5.9231,2018
GLOM2_a1_1,17.0896,3942.217,6.0202,2018
GLOM2_a1_1,17.1867,3989.546,6.1173,2018
GLOM2_a1_1,17.2838,4040.126,6.2144,2018
GLOM2_a1_1,17.3809,4155.363,6.3115,2018
GLOM2_a1_1,17.478,4049.881,6.4086,2018
GLOM2_a1_1,17.5751,4002.996,6.5057,2018
GLOM2_a1_1,17.6722,4209.766,6.6028,2018
GLOM2_a1_1,17.7693,4300.076,6.6999,2018
GLOM2_a1_1,17.8664,4050.843,6.797,2018
GLOM2_a1_1,17.9635,4124.488,6.8941,2018
GLOM2_a1_1,18.0606,4229.36,6.9912,2018
GLOM2_a1_1,18.1577,4159.468,7.0883,2018
GLOM2_a1_1,18.2548,4122.084,7.1854,2018
GLOM2_a1_1,18.3519,4319.091,7.2825,2018
GLOM2_a1_1,18.449,4133.657,7.3796,2018
GLOM2_a1_1,18.5461,4021.275,7.4767,2018
GLOM2_a1_1,18.6432,4288.416,7.5738,2018
GLOM2_a1_1,18.7403,3996.606,7.6709,2018
GLOM2_a1_1,18.8374,4154.76,7.768,2018
GLOM2_a1_1,18.9345,4291.859,7.8651,2018
GLOM2_a1_1,19.0316,4102.875,7.9622,2018
GLOM2_a1_1,19.1287,4501.938,8.0593,2018
GLOM2_a1_1,19.2258,4295.583,8.1564,2018
GLOM2_a1_1,19.3229,4169.748,8.2535,2018
GLOM2_a1_1,19.42,4346.16,8.3506,2018
GLOM2_a1_1,19.5171,4204.155,8.4477,2018
GLOM2_a1_1,19.6142,4181.271,8.5448,2018
GLOM2_a1_1,19.7113,4333.175,8.6419,2018
GLOM2_a1_1,19.8084,4253.599,8.739,2018
GLOM2_a1_1,19.9055,4216.981,8.8361,2018
GLOM2_a1_1,20.0026,4430.125,8.9332,2018
GLOM2_a1_1,20.0997,4532.166,9.0303,2018
GLOM2_a1_1,20.1968,4668.186,9.1274,2018
GLOM2_a1_1,20.2939,4558.148,9.2245,2018
GLOM2_a1_1,20.391,4870.453,9.3216,2018
GLOM2_a1_1,20.4881,5017.707,9.4187,2018
GLOM2_a1_1,20.5852,4885.023,9.5158,2018
GLOM2_a1_1,20.6823,4837.672,9.6129,2018
GLOM2_a1_1,20.7794,4667.658,9.71,2018
GLOM2_a1_1,20.8765,4685.74,9.8071,2018
GLOM2_a1_1,20.9736,4515.381,9.9042,2018
GLOM2_a1_1,21.0707,4682.921,10.0013,2018
GLOM2_a1_1,21.1678,4700.788,10.0984,2018
GLOM2_a1_1,21.2649,4622.168,10.1955,2018
GLOM2_a1_1,21.362,4722.319,10.2926,2018
GLOM2_a1_1,21.4591,4552.299,10.3897,2018
GLOM2_a1_1,21.5562,4403.143,10.4868,2018
GLOM2_a1_1,21.6533,4599.412,10.5839,2018
GLOM2_a1_1,21.7504,4472.625,10.681,2018
GLOM2_a1_1,21.8475,4215.368,10.7781,2018
GLOM2_a1_1,21.9446,4248.891,10.8752,2018
GLOM2_a1_1,22.0417,4228.074,10.9723,2018
GLOM2_a1_1,22.1388,4311.723,11.0694,2018
GLOM2_a1_1,22.2359,4386.484,11.1665,2018
GLOM2_a1_1,22.333,4522.61,11.2636,2018
GLOM2_a1_1,22.4301,4615.138,11.3607,2018
GLOM2_a1_1,22.5272,4749.069,11.4578,2018
GLOM2_a1_1,22.6243,4737.58,11.5549,2018
GLOM2_a1_1,22.7214,4488.047,11.652,2018
GLOM2_a1_1,22.8185,4469.251,11.7491,2018
GLOM2_a1_1,22.9156,4418.05,11.8462,2018
GLOM2_a1_1,23.0127,4482.712,11.9433,2018
GLOM2_a1_1,23.1098,4534.268,12.0404,2018
GLOM2_a1_1,23.2069,4472.368,12.1375,2018
GLOM2_a1_1,23.304,4345.911,12.2346,2018
GLOM2_a1_1,23.4011,4241.476,12.3317,2018
GLOM2_a1_1,23.4982,4390.421,12.4288,2018
GLOM2_a1_1,23.5953,4533.167,12.5259,2018
GLOM2_a1_1,23.6924,4428.18,12.623,2018
GLOM2_a1_1,23.7895,4653.736,12.7201,2018
GLOM2_a1_1,23.8866,4755.93,12.8172,2018
GLOM2_a1_1,23.9837,4642.909,12.9143,2018
GLOM2_a1_1,24.0808,4887.308,13.0114,2018
GLOM2_a1_1,24.1779,4830.79,13.1085,2018
GLOM2_a1_1,24.275,4703.992,13.2056,2018
GLOM2_a1_1,24.3721,4556.554,13.3027,2018
GLOM2_a1_1,24.4692,4294.747,13.3998,2018
GLOM2_a1_1,24.5663,4493.47,13.4969,2018
GLOM2_a1_1,24.6634,4701.917,13.594,2018
GLOM2_a1_1,24.7605,4744.772,13.6911,2018
GLOM2_a1_1,24.8576,4722.205,13.7882,2018
GLOM2_a1_1,24.9547,4536.7,13.8853,2018
GLOM2_a1_1,25.0518,4483.903,13.9824,2018
GLOM2_a1_1,25.1489,4549.594,14.0795,2018
GLOM2_a1_1,25.246,4399.368,14.1766,2018
GLOM2_a1_1,25.3431,4330.333,14.2737,2018
GLOM2_a1_1,25.4402,4448.912,14.3708,2018
GLOM2_a1_1,25.5373,4254.346,14.4679,2018
GLOM2_a1_1,25.6344,4207.759,14.565,2018
GLOM2_a1_1,25.7315,4275.435,14.6621,2018
GLOM2_a1_1,25.8286,3964.039,14.7592,2018
GLOM2_a1_1,25.9257,3849.665,14.8563,2018
GLOM2_a1_1,26.0228,3988.417,14.9534,2018
GLOM2_a1_1,26.1199,3932.357,15.0505,2018
GLOM2_a1_1,26.217,4064.161,15.1476,2018
GLOM2_a1_1,26.3141,4044.236,15.2447,2018
GLOM2_a1_1,26.4112,4374.609,15.3418,2018
GLOM2_a1_1,26.5083,4108.776,0,2017
GLOM2_a1_1,26.6054,3974.895,0.0971000000000011,2017
GLOM2_a1_1,26.7025,4202.337,0.194200000000002,2017
GLOM2_a1_1,26.7996,3727.875,0.291300000000003,2017
GLOM2_a1_1,26.8967,4008.513,0.388400000000001,2017
GLOM2_a1_1,26.9938,4019.093,0.485500000000002,2017
GLOM2_a1_1,27.0909,3847.347,0.582600000000003,2017
GLOM2_a1_1,27.188,4295.948,0.6797,2017
GLOM2_a1_1,27.2851,4274.812,0.776800000000002,2017
GLOM2_a1_1,27.3822,4228.24,0.873900000000003,2017
GLOM2_a1_1,27.4793,3985.903,0.971,2017
GLOM2_a1_1,27.5764,4017.009,1.0681,2017
GLOM2_a1_1,27.6735,3938.502,1.1652,2017
GLOM2_a1_1,27.7706,3922.634,1.2623,2017
GLOM2_a1_1,27.8677,3647.458,1.3594,2017
GLOM2_a1_1,27.9648,3653.547,1.4565,2017
GLOM2_a1_1,28.0619,3995.953,1.5536,2017
GLOM2_a1_1,28.159,3958.579,1.6507,2017
GLOM2_a1_1,28.2561,4126.284,1.7478,2017
GLOM2_a1_1,28.3532,4234.454,1.8449,2017
GLOM2_a1_1,28.4503,4061.479,1.942,2017
GLOM2_a1_1,28.5474,4113.591,2.0391,2017
GLOM2_a1_1,28.6445,4188.838,2.1362,2017
GLOM2_a1_1,28.7416,4287.528,2.2333,2017
GLOM2_a1_1,28.8387,4328.885,2.3304,2017
GLOM2_a1_1,28.9358,4287.437,2.4275,2017
GLOM2_a1_1,29.0329,4290.396,2.5246,2017
GLOM2_a1_1,29.13,4124.359,2.6217,2017
GLOM2_a1_1,29.2271,4086.06,2.7188,2017
GLOM2_a1_1,29.3242,4249.201,2.8159,2017
GLOM2_a1_1,29.4213,4370.149,2.913,2017
GLOM2_a1_1,29.5184,4381.659,3.0101,2017
GLOM2_a1_1,29.6155,4511.519,3.1072,2017
GLOM2_a1_1,29.7126,4747.068,3.2043,2017
GLOM2_a1_1,29.8097,4970.163,3.3014,2017
GLOM2_a1_1,29.9068,4875.271,3.3985,2017
GLOM2_a1_1,30.0039,4742.732,3.4956,2017
GLOM2_a1_1,30.101,4845.436,3.5927,2017
GLOM2_a1_1,30.1981,4776.174,3.6898,2017
GLOM2_a1_1,30.2952,4700.77,3.7869,2017
GLOM2_a1_1,30.3923,4527.125,3.884,2017
GLOM2_a1_1,30.4894,4582.906,3.9811,2017
GLOM2_a1_1,30.5865,4505.124,4.0782,2017
GLOM2_a1_1,30.6836,4179.628,4.1753,2017
GLOM2_a1_1,30.7807,4397.082,4.2724,2017
GLOM2_a1_1,30.8778,4462.373,4.3695,2017
GLOM2_a1_1,30.9749,4247.17,4.4666,2017
GLOM2_a1_1,31.072,4416.27,4.5637,2017
GLOM2_a1_2,31.072,4087.997,0,2016
GLOM2_a1_2,31.1691,3704.278,0.0971,2016
GLOM2_a1_2,31.2662,4054.796,0.1942,2016
GLOM2_a1_2,31.3633,3924.377,0.2913,2016
GLOM2_a1_2,31.4604,3927.536,0.3884,2016
GLOM2_a1_2,31.5575,3965.358,0.4855,2016
GLOM2_a1_2,31.6546,3829.215,0.5826,2016
GLOM2_a1_2,31.7517,3970.725,0.6797,2016
GLOM2_a1_2,31.8488,4042.39,0.7768,2016
GLOM2_a1_2,31.9459,3914.024,0.8739,2016
GLOM2_a1_2,32.043,4235.574,0.971,2016
GLOM2_a1_2,32.1401,4360.456,1.0681,2016
GLOM2_a1_2,32.2372,4356.757,1.1652,2016
GLOM2_a1_2,32.3343,4508.888,1.2623,2016
GLOM2_a1_2,32.4314,4631.411,1.3594,2016
GLOM2_a1_2,32.5285,4313.601,1.4565,2016
GLOM2_a1_2,32.6256,4584.396,1.5536,2016
GLOM2_a1_2,32.7227,4599.246,1.6507,2016
GLOM2_a1_2,32.8198,4887.987,1.7478,2016
GLOM2_a1_2,32.9169,4927.887,1.8449,2016
GLOM2_a1_2,33.014,4600.822,1.942,2016
GLOM2_a1_2,33.1111,4289.184,2.0391,2016
GLOM2_a1_2,33.2082,4096.309,2.1362,2016
GLOM2_a1_2,33.3053,3856.494,2.2333,2016
GLOM2_a1_2,33.4024,3626.01,2.3304,2016
GLOM2_a1_2,33.4995,3706.804,2.4275,2016
GLOM2_a1_2,33.5966,3730.111,2.5246,2016
GLOM2_a1_2,33.6937,3598.74,2.6217,2016
GLOM2_a1_2,33.7908,3776.025,2.7188,2016
GLOM2_a1_2,33.8879,3642.709,2.8159,2016
GLOM2_a1_2,33.985,3543.577,2.913,2016
GLOM2_a1_2,34.0821,3407.913,3.0101,2016
GLOM2_a1_2,34.1792,3618.552,3.1072,2016
GLOM2_a1_2,34.2763,3789.427,3.2043,2016
GLOM2_a1_2,34.3734,3862.92,3.3014,2016
GLOM2_a1_2,34.4705,3879.648,3.3985,2016
GLOM2_a1_2,34.5676,3947.796,3.4956,2016
GLOM2_a1_2,34.6647,3896.802,3.5927,2016
GLOM2_a1_2,34.7618,3955.87,3.6898,2016
GLOM2_a1_2,34.8589,3698.816,3.7869,2016
GLOM2_a1_2,34.956,3706.515,3.884,2016
GLOM2_a1_2,35.0531,3748.604,3.9811,2016
GLOM2_a1_2,35.1502,4034.266,4.0782,2016
GLOM2_a1_2,35.2473,3883.671,4.1753,2016
GLOM2_a1_2,35.3444,4030.188,4.2724,2016
GLOM2_a1_2,35.4415,3931.517,4.3695,2016
GLOM2_a1_2,35.5386,3937.645,4.4666,2016
GLOM2_a1_2,35.6357,4016.269,4.5637,2016
GLOM2_a1_2,35.7328,3921.359,4.6608,2016
GLOM2_a1_2,35.8299,4076.819,4.7579,2016
GLOM2_a1_2,35.927,3941.314,4.855,2016
GLOM2_a1_2,36.0241,3934.311,4.9521,2016
GLOM2_a1_2,36.1212,3927.136,5.0492,2016
GLOM2_a1_2,36.2183,3914.573,5.1463,2016
GLOM2_a1_2,36.3154,3709.932,5.2434,2016
GLOM2_a1_2,36.4125,3620.897,5.3405,2016
GLOM2_a1_2,36.5096,3798.186,5.4376,2016
GLOM2_a1_2,36.6067,3824.469,5.5347,2016
GLOM2_a1_2,36.7038,3985.203,5.6318,2016
GLOM2_a1_2,36.8009,3883.06,5.7289,2016
GLOM2_a1_2,36.898,3811.838,5.826,2016
GLOM2_a1_2,36.9951,3836.837,5.9231,2016
GLOM2_a1_2,37.0922,3746.641,6.0202,2016
GLOM2_a1_2,37.1893,3731.972,6.1173,2016
GLOM2_a1_2,37.2864,3663.592,6.2144,2016
GLOM2_a1_2,37.3835,3582.028,6.3115,2016
GLOM2_a1_2,37.4806,3562.959,6.4086,2016
GLOM2_a1_2,37.5777,3519.945,6.5057,2016
GLOM2_a1_2,37.6748,3849.089,6.6028,2016
GLOM2_a1_2,37.7719,3576.475,6.6999,2016
GLOM2_a1_2,37.869,3532.091,6.797,2016
GLOM2_a1_2,37.9661,3638.312,6.8941,2016
GLOM2_a1_2,38.0632,3596.496,6.9912,2016
GLOM2_a1_2,38.1603,3751.08,7.0883,2016
GLOM2_a1_2,38.2574,3387.924,7.1854,2016
GLOM2_a1_2,38.3545,3218.651,7.2825,2016
GLOM2_a1_2,38.4516,3492.363,7.3796,2016
GLOM2_a1_2,38.5487,3080.602,7.4767,2016
GLOM2_a1_2,38.6458,3276.971,7.5738,2016
GLOM2_a1_2,38.7429,3359.687,7.6709,2016
GLOM2_a1_2,38.84,3312.229,7.768,2016
GLOM2_a1_2,38.9371,3421.042,7.8651,2016
GLOM2_a1_2,39.0342,3449.684,7.9622,2016
GLOM2_a1_2,39.1313,3126.529,8.0593,2016
GLOM2_a1_2,39.2284,3249.402,8.1564,2016
GLOM2_a1_2,39.3255,3443.18,8.2535,2016
GLOM2_a1_2,39.4226,3238.664,8.3506,2016
GLOM2_a1_2,39.5197,3150.297,8.4477,2016
GLOM2_a1_2,39.6168,3339.968,8.5448,2016
GLOM2_a1_2,39.7139,3038.284,8.6419,2016
GLOM2_a1_2,39.811,3165.335,8.739,2016
GLOM2_a1_2,39.9081,3087.625,8.8361,2016
GLOM2_a1_2,40.0052,3034.508,8.9332,2016
GLOM2_a1_2,40.1023,3195.444,9.0303,2016
GLOM2_a1_2,40.1994,3166.428,9.1274,2016
GLOM2_a1_2,40.2965,3138.662,9.2245,2016
GLOM2_a1_2,40.3936,3148.542,9.3216,2016
GLOM2_a1_2,40.4907,3371.05,9.4187,2016
GLOM2_a1_2,40.5878,2996.917,9.5158,2016
GLOM2_a1_2,40.6849,3182.183,9.6129,2016
GLOM2_a1_2,40.782,3448.048,9.71,2016
GLOM2_a1_2,40.8791,3132.889,9.8071,2016
GLOM2_a1_2,40.9762,3386.162,9.9042,2016
GLOM2_a1_2,41.0733,3524.119,10.0013,2016
GLOM2_a1_2,41.1704,3589.09,10.0984,2016
GLOM2_a1_2,41.2675,3418.121,10.1955,2016
GLOM2_a1_2,41.3646,3523.849,10.2926,2016
GLOM2_a1_2,41.4617,3553.896,10.3897,2016
GLOM2_a1_2,41.5588,3271.431,10.4868,2016
GLOM2_a1_2,41.6559,3698.588,10.5839,2016
GLOM2_a1_2,41.753,3528.893,10.681,2016
GLOM2_a1_2,41.8501,3260.158,10.7781,2016
GLOM2_a1_2,41.9472,3279.363,10.8752,2016
GLOM2_a1_2,42.0443,3324.966,10.9723,2016
GLOM2_a1_2,42.1414,3230.091,11.0694,2016
GLOM2_a1_2,42.2385,3520.883,11.1665,2016
GLOM2_a1_2,42.3356,3713.659,11.2636,2016
GLOM2_a1_2,42.4327,3820.263,11.3607,2016
GLOM2_a1_2,42.5298,4098.858,11.4578,2016
GLOM2_a1_2,42.6269,4259.138,11.5549,2016
GLOM2_a1_2,42.724,4341.031,11.652,2016
GLOM2_a1_2,42.8211,4117.86,11.7491,2016
GLOM2_a1_2,42.9182,3930.016,11.8462,2016
GLOM2_a1_2,43.0153,4211.172,11.9433,2016
GLOM2_a1_2,43.1124,3613.147,12.0404,2016
GLOM2_a1_2,43.2095,3956.387,12.1375,2016
GLOM2_a1_2,43.3066,3830.227,12.2346,2016
GLOM2_a1_2,43.4037,4057.5,12.3317,2016
GLOM2_a1_2,43.5008,4339.005,12.4288,2016
GLOM2_a1_2,43.5979,4564.703,12.5259,2016
GLOM2_a1_2,43.695,4686.801,12.623,2016
GLOM2_a1_2,43.7921,5182.581,12.7201,2016
GLOM2_a1_2,43.8892,4965.883,12.8172,2016
GLOM2_a1_2,43.9863,4799.588,12.9143,2016
GLOM2_a1_2,44.0834,4457.612,13.0114,2016
GLOM2_a1_2,44.1805,4704.084,13.1085,2016
GLOM2_a1_2,44.2776,4562.54,0,2015
GLOM2_a1_2,44.3747,3997.767,0.0970999999999975,2015
GLOM2_a1_2,44.4718,3906.354,0.194200000000002,2015
GLOM2_a1_2,44.5689,3656.002,0.2913,2015
GLOM2_a1_2,44.666,3531.418,0.388399999999997,2015
GLOM2_a1_2,44.7631,3476.363,0.485500000000002,2015
GLOM2_a1_2,44.8602,3527.886,0.582599999999999,2015
GLOM2_a1_2,44.9573,3423.661,0.679699999999997,2015
GLOM2_a1_2,45.0544,3488.329,0.776800000000002,2015
GLOM2_a1_2,45.1515,3497.304,0.873899999999999,2015
GLOM2_a1_2,45.2486,3593.828,0.971000000000004,2015
GLOM2_a1_2,45.3457,3433.236,1.0681,2015
GLOM2_a1_2,45.4428,3576.626,1.1652,2015
GLOM2_a1_2,45.5399,3541.729,1.2623,2015
GLOM2_a1_2,45.637,3569.343,1.3594,2015
GLOM2_a1_2,45.7341,3282.83,1.4565,2015
GLOM2_a1_2,45.8312,3386.97,1.5536,2015
GLOM2_a1_2,45.9283,3724.552,1.6507,2015
GLOM2_a1_2,46.0254,3526.042,1.7478,2015
GLOM2_a1_2,46.1225,3832.503,1.8449,2015
GLOM2_a1_2,46.2196,4003.449,1.942,2015
GLOM2_a1_2,46.3167,3992.477,2.0391,2015
GLOM2_a1_2,46.4138,3831.529,2.1362,2015
GLOM2_a1_2,46.5109,4049.311,2.2333,2015
GLOM2_a1_2,46.608,3975.615,2.3304,2015
GLOM2_a1_2,46.7051,3493.204,2.4275,2015
GLOM2_a1_2,46.8022,3706.344,2.5246,2015
GLOM2_a1_2,46.8993,3824.684,2.6217,2015
GLOM2_a1_2,46.9964,3730.448,2.7188,2015
GLOM2_a1_2,47.0935,3572.394,2.8159,2015
GLOM2_a1_2,47.1906,3889.275,2.913,2015
GLOM2_a1_2,47.2877,3871.228,3.0101,2015
GLOM2_a1_2,47.3848,3838.926,3.1072,2015
GLOM2_a1_2,47.4819,3823.961,3.2043,2015
GLOM2_a1_2,47.579,3739.911,3.3014,2015
GLOM2_a1_2,47.6761,3620.557,3.3985,2015
GLOM2_a1_2,47.7732,3671.442,3.4956,2015
GLOM2_a1_2,47.8703,3763.562,3.5927,2015
GLOM2_a1_2,47.9674,3637.113,3.6898,2015
GLOM2_a1_2,48.0645,3723.909,3.7869,2015
GLOM2_a1_2,48.1616,3721.698,3.884,2015
GLOM2_a1_2,48.2587,3629.326,3.9811,2015
GLOM2_a1_2,48.3558,3627.897,4.0782,2015
GLOM2_a1_2,48.4529,4094.351,4.1753,2015
GLOM2_a1_2,48.55,3743.178,4.2724,2015
GLOM2_a1_2,48.6471,3790.511,4.3695,2015
GLOM2_a1_2,48.7442,4026.758,4.4666,2015
GLOM2_a1_2,48.8413,3585.633,4.5637,2015
GLOM2_a1_2,48.9384,3601.04,4.6608,2015
GLOM2_a1_2,49.0355,3940.819,4.7579,2015
GLOM2_a1_2,49.1326,3770.095,4.855,2015
GLOM2_a1_2,49.2297,3560.563,4.9521,2015
GLOM2_a1_2,49.3268,3398.729,5.0492,2015
GLOM2_a1_2,49.4239,3468.583,5.1463,2015
GLOM2_a1_2,49.521,3771.875,5.2434,2015
GLOM2_a1_2,49.6181,3819.717,5.3405,2015
GLOM2_a1_2,49.7152,3896.909,5.4376,2015
GLOM2_a1_2,49.8123,3687.799,5.5347,2015
GLOM2_a1_2,49.9094,3523.703,5.6318,2015
GLOM2_a1_2,50.0065,3549.693,5.7289,2015
GLOM2_a1_2,50.1036,3410.638,5.826,2015
GLOM2_a1_2,50.2007,3399.143,5.9231,2015
GLOM2_a1_2,50.2978,3437.203,6.0202,2015
GLOM2_a1_2,50.3949,3291.73,6.1173,2015
GLOM2_a1_2,50.492,3339.489,6.2144,2015
GLOM2_a1_2,50.5891,3570.441,6.3115,2015
GLOM2_a1_2,50.6862,3471.776,6.4086,2015
GLOM2_a1_2,50.7833,3723.016,6.5057,2015
GLOM2_a1_2,50.8804,3692.694,6.6028,2015
GLOM2_a1_2,50.9775,4059.083,6.6999,2015
GLOM2_a1_2,51.0746,4039.083,6.797,2015
GLOM2_a1_2,51.1717,3697.463,6.8941,2015
GLOM2_a1_2,51.2688,3819.748,6.9912,2015
GLOM2_a1_2,51.3659,3823.614,7.0883,2015
GLOM2_a1_2,51.463,3866.886,7.1854,2015
GLOM2_a1_2,51.5601,3850.296,7.2825,2015
GLOM2_a1_2,51.6572,3971.389,7.3796,2015
GLOM2_a1_2,51.7543,3882.499,7.4767,2015
GLOM2_a1_2,51.8514,3741.524,7.5738,2015
GLOM2_a1_2,51.9485,3644.827,7.6709,2015
GLOM2_a1_2,52.0456,4032.875,7.768,2015
GLOM2_a1_2,52.1427,4165.406,7.8651,2015
GLOM2_a1_2,52.2398,4155.768,7.9622,2015
GLOM2_a1_2,52.3369,4206.436,8.0593,2015
GLOM2_a1_2,52.434,4096,8.1564,2015
GLOM2_a1_2,52.5311,4270.062,8.2535,2015
GLOM2_a1_2,52.6282,4277.647,8.3506,2015
GLOM2_a1_2,52.7253,4159.351,8.4477,2015
GLOM2_a1_2,52.8224,4039.449,8.5448,2015
GLOM2_a1_2,52.9195,4140.022,8.6419,2015
GLOM2_a1_2,53.0166,4579.137,8.739,2015
GLOM2_a1_2,53.1137,4681.947,8.8361,2015
GLOM2_a1_2,53.2108,4368.134,8.9332,2015
GLOM2_a1_2,53.3079,4559.914,9.0303,2015
GLOM2_a1_2,53.405,4454.796,9.1274,2015
GLOM2_a1_2,53.5021,4447.857,9.2245,2015
GLOM2_a1_2,53.5992,4536.904,9.3216,2015
GLOM2_a1_2,53.6963,4621.562,9.4187,2015
GLOM2_a1_2,53.7934,4487.616,9.5158,2015
GLOM2_a1_2,53.8905,4510.507,9.6129,2015
GLOM2_a1_2,53.9876,4800.847,9.71,2015
GLOM2_a1_2,54.0847,4722.307,9.8071,2015
GLOM2_a1_2,54.1818,4429.32,9.9042,2015
GLOM2_a1_2,54.2789,4595.683,0,2014
GLOM2_a1_2,54.376,4691.17,0.0970999999999975,2014
GLOM2_a1_2,54.4731,3872.009,0.194200000000002,2014
GLOM2_a1_2,54.5702,3906.498,0.2913,2014
GLOM2_a1_2,54.6673,3659.436,0.388399999999997,2014
GLOM2_a1_2,54.7644,3385.653,0.485500000000002,2014
GLOM2_a1_2,54.8615,3503.581,0.582599999999999,2014
GLOM2_a1_2,54.9586,3564.213,0.679699999999997,2014
GLOM2_a1_2,55.0557,3450.587,0.776800000000002,2014
GLOM2_a1_2,55.1528,3716.708,0.873899999999999,2014
GLOM2_a1_2,55.2499,3795.211,0.970999999999997,2014
GLOM2_a1_2,55.347,3613.906,1.0681,2014
GLOM2_a1_2,55.4441,3744.773,1.1652,2014
GLOM2_a1_2,55.5412,3822.597,1.2623,2014
GLOM2_a1_2,55.6383,3595.885,1.3594,2014
GLOM2_a1_2,55.7354,3777.665,1.4565,2014
GLOM2_a1_2,55.8325,4055.522,1.5536,2014
GLOM2_a1_2,55.9296,3993.495,1.6507,2014
GLOM2_a1_2,56.0267,4083.719,1.7478,2014
GLOM2_a1_2,56.1238,4308.6,1.8449,2014
GLOM2_a1_2,56.2209,4311.629,1.942,2014
GLOM2_a1_2,56.318,4540.357,2.0391,2014
GLOM2_a1_2,56.4151,4194.044,2.1362,2014
GLOM2_a1_2,56.5122,3982.833,2.2333,2014
GLOM2_a1_2,56.6093,4107.855,2.3304,2014
GLOM2_a1_2,56.7064,4155.056,2.4275,2014
GLOM2_a1_2,56.8035,4114.655,2.5246,2014
GLOM2_a1_2,56.9006,4061.398,2.6217,2014
GLOM2_a1_2,56.9977,4142.908,2.7188,2014
GLOM2_a1_2,57.0948,3905.126,2.8159,2014
GLOM2_a1_2,57.1919,3782.164,2.913,2014
GLOM2_a1_2,57.289,4073.059,3.0101,2014
GLOM2_a1_2,57.3861,3972.79,3.1072,2014
GLOM2_a1_2,57.4832,3946.453,3.2043,2014
GLOM2_a1_2,57.5803,3864.718,3.3014,2014
GLOM2_a1_2,57.6774,3896.073,3.3985,2014
GLOM2_a1_2,57.7745,4062.789,3.4956,2014
GLOM2_a1_2,57.8716,3805.307,3.5927,2014
GLOM2_a1_2,57.9687,3630.32,3.6898,2014
GLOM2_a1_2,58.0658,3688.216,3.7869,2014
GLOM2_a1_2,58.1629,3618.641,3.884,2014
GLOM2_a1_2,58.26,3680.493,3.9811,2014
GLOM2_a1_2,58.3571,3798.296,4.0782,2014
GLOM2_a1_2,58.4542,3614.727,4.1753,2014
GLOM2_a1_2,58.5513,4053.171,4.2724,2014
GLOM2_a1_2,58.6484,3892.176,4.3695,2014
GLOM2_a1_2,58.7455,3777.446,4.4666,2014
GLOM2_a1_2,58.8426,3908.41,4.5637,2014
GLOM2_a1_2,58.9397,3918.811,4.6608,2014
GLOM2_a1_2,59.0368,3698.866,4.7579,2014
GLOM2_a1_2,59.1339,3516.369,4.855,2014
GLOM2_a1_2,59.231,3787.33,4.9521,2014
GLOM2_a1_2,59.3281,3743.688,5.0492,2014
GLOM2_a1_2,59.4252,3650.806,5.1463,2014
GLOM2_a1_2,59.5223,3776.162,5.2434,2014
GLOM2_a1_2,59.6194,3706.934,5.3405,2014
GLOM2_a1_2,59.7165,3778.791,5.4376,2014
GLOM2_a1_2,59.8136,3757.806,5.5347,2014
GLOM2_a1_2,59.9107,3552.539,5.6318,2014
GLOM2_a1_2,60.0078,3578.081,5.7289,2014
GLOM2_a1_2,60.1049,3836.331,5.826,2014
GLOM2_a1_2,60.202,3669.156,5.9231,2014
GLOM2_a1_2,60.2991,3593.89,6.0202,2014
GLOM2_a1_2,60.3962,3899.238,6.1173,2014
GLOM2_a1_2,60.4933,3901.671,6.2144,2014
GLOM2_a1_2,60.5904,3937.795,6.3115,2014
GLOM2_a1_2,60.6875,4002.909,6.4086,2014
GLOM2_a1_2,60.7846,3952.447,6.5057,2014
GLOM2_a1_2,60.8817,3800.135,6.6028,2014
GLOM2_a1_2,60.9788,3750.019,6.6999,2014
GLOM2_a1_2,61.0759,3877.017,6.797,2014
GLOM2_a1_2,61.173,4010.631,6.8941,2014
GLOM2_a1_2,61.2701,4152.68,6.9912,2014
GLOM2_a1_2,61.3672,4225.609,7.0883,2014
GLOM2_a1_2,61.4643,3812.032,7.1854,2014
GLOM2_a1_2,61.5614,3799.488,7.2825,2014
GLOM2_a1_2,61.6585,3914.214,7.3796,2014
GLOM2_a1_2,61.7556,3609.314,7.4767,2014
GLOM2_a1_2,61.8527,3418.215,7.5738,2014
GLOM2_a1_2,61.9498,3618.211,7.6709,2014
GLOM2_a1_2,62.0469,3532.893,7.768,2014
GLOM2_a1_2,62.144,3479.477,7.8651,2014
GLOM2_a1_2,62.2411,3668.898,7.9622,2014
GLOM2_a1_2,62.3382,3536.811,8.0593,2014
GLOM2_a1_2,62.4353,3697.734,8.1564,2014
GLOM2_a1_2,62.5324,3879.822,8.2535,2014
GLOM2_a1_2,62.6295,3519.808,8.3506,2014
GLOM2_a1_2,62.7266,3653.919,8.4477,2014
GLOM2_a1_2,62.8237,3776.714,8.5448,2014
GLOM2_a1_2,62.9208,3580.435,8.6419,2014
GLOM2_a1_2,63.0179,3732.583,8.739,2014
GLOM2_a1_2,63.115,3757.772,8.8361,2014
GLOM2_a1_2,63.2121,4025.876,8.9332,2014
GLOM2_a1_2,63.3092,4228.759,9.0303,2014
GLOM2_a1_2,63.4063,4226.314,9.1274,2014
GLOM2_a1_2,63.5034,4351.738,9.2245,2014
GLOM2_a1_2,63.6005,4303.071,9.3216,2014
GLOM2_a1_2,63.6976,4275.338,0,2013
GLOM2_a1_2,63.7947,4275.389,0.0970999999999975,2013
GLOM2_a1_2,63.8918,4631.342,0.194200000000002,2013
GLOM2_a1_2,63.9889,4794.581,0.2913,2013
GLOM2_a1_2,64.086,4640.097,0.388399999999997,2013
GLOM2_a1_2,64.1831,4640.871,0.485499999999995,2013
GLOM2_a1_2,64.2802,4596.996,0.582599999999992,2013
GLOM2_a1_2,64.3773,4462.211,0.679700000000004,2013
GLOM2_a1_2,64.4744,4266.152,0.776800000000002,2013
GLOM2_a1_2,64.5715,4123.165,0.873899999999999,2013
GLOM2_a1_2,64.6686,4129.11,0.970999999999997,2013
GLOM2_a1_2,64.7657,3903.904,1.06809999999999,2013
GLOM2_a1_2,64.8628,3876.597,1.16519999999999,2013
GLOM2_a1_2,64.9599,3516.246,1.2623,2013
GLOM2_a1_2,65.057,3620.117,1.3594,2013
GLOM2_a1_2,65.1541,3508.746,1.4565,2013
GLOM2_a1_2,65.2512,3751.803,1.5536,2013
GLOM2_a1_2,65.3483,3782.163,1.65069999999999,2013
GLOM2_a1_2,65.4454,3653.254,1.74780000000001,2013
GLOM2_a1_2,65.5425,3466.657,1.8449,2013
GLOM2_a1_2,65.6396,3463.344,1.942,2013
GLOM2_a1_2,65.7367,3459.628,2.0391,2013
GLOM2_a1_2,65.8338,3210.82,2.1362,2013
GLOM2_a1_2,65.9309,3561.899,2.23329999999999,2013
GLOM2_a1_2,66.028,3539.267,2.3304,2013
GLOM2_a1_2,66.1251,3392.673,2.4275,2013
GLOM2_a1_2,66.2222,3564.881,2.5246,2013
GLOM2_a1_2,66.3193,3887.298,2.6217,2013
GLOM2_a1_2,66.4164,3757.952,2.71879999999999,2013
GLOM2_a1_2,66.5135,3855.201,2.81589999999999,2013
GLOM2_a1_2,66.6106,3985.17,2.913,2013
GLOM2_a1_2,66.7077,3843.875,3.0101,2013
GLOM2_a1_2,66.8048,4007.847,3.1072,2013
GLOM2_a1_2,66.9019,3947.085,3.2043,2013
GLOM2_a1_2,66.999,3951.623,3.30139999999999,2013
GLOM2_a1_2,67.0961,4017.325,3.39850000000001,2013
GLOM2_a1_2,67.1932,4009.946,3.4956,2013
GLOM2_a1_2,67.2903,4112.219,3.5927,2013
GLOM2_a1_2,67.3874,4107.641,3.6898,2013
GLOM2_a1_2,67.4845,4273.343,3.7869,2013
GLOM2_a1_2,67.5816,4052.294,3.88399999999999,2013
GLOM2_a1_2,67.6787,4009.013,3.9811,2013
GLOM2_a1_2,67.7758,3871.393,4.0782,2013
GLOM2_a1_2,67.8729,4061.678,4.1753,2013
GLOM2_a1_2,67.97,3947.823,4.2724,2013
GLOM2_a1_2,68.0671,4152.636,4.3695,2013
GLOM2_a1_2,68.1642,4053.857,4.46659999999999,2013
GLOM2_a1_2,68.2613,3923.16,4.5637,2013
GLOM2_a1_2,68.3584,3758.362,4.6608,2013
GLOM2_a1_2,68.4555,3838.99,4.7579,2013
GLOM2_a1_2,68.5526,3939.95,4.855,2013
GLOM2_a1_2,68.6497,3896.935,4.95209999999999,2013
GLOM2_a1_2,68.7468,4005.632,5.04919999999999,2013
GLOM2_a1_2,68.8439,4256.911,5.1463,2013
GLOM2_a1_2,68.941,4121.208,5.2434,2013
GLOM2_a1_2,69.0381,3821.945,5.3405,2013
GLOM2_a1_2,69.1352,3758.695,5.4376,2013
GLOM2_a1_2,69.2323,3969.953,5.53469999999999,2013
GLOM2_a1_2,69.3294,3786.295,5.63180000000001,2013
GLOM2_a1_2,69.4265,3735.662,5.7289,2013
GLOM2_a1_2,69.5236,3711.711,5.826,2013
GLOM2_a1_2,69.6207,3982.225,5.9231,2013
GLOM2_a1_2,69.7178,4157.637,6.0202,2013
GLOM2_a1_2,69.8149,4232.087,6.11729999999999,2013
GLOM2_a1_2,69.912,4221.857,6.21440000000001,2013
GLOM2_a1_2,70.0091,3901.204,6.3115,2013
GLOM2_a1_2,70.1062,3831.02,6.4086,2013
GLOM2_a1_2,70.2033,4059.21,6.5057,2013
GLOM2_a1_2,70.3004,3889.756,6.6028,2013
GLOM2_a1_2,70.3975,3852.677,6.69989999999999,2013
GLOM2_a1_2,70.4946,3974.65,6.797,2013
GLOM2_a1_2,70.5917,3993.898,6.8941,2013
GLOM2_a1_2,70.6888,3981.272,6.9912,2013
GLOM2_a1_2,70.7859,3768.273,7.0883,2013
GLOM2_a1_2,70.883,3784.527,7.18539999999999,2013
GLOM2_a1_2,70.9801,3842.815,7.28249999999999,2013
GLOM2_a1_2,71.0772,3732.294,7.3796,2013
GLOM2_a1_2,71.1743,3565.881,7.4767,2013
GLOM2_a1_2,71.2714,3549.475,7.5738,2013
GLOM2_a1_2,71.3685,3707.547,7.6709,2013
GLOM2_a1_2,71.4656,3854.992,7.76799999999999,2013
GLOM2_a1_2,71.5627,3929.079,7.86510000000001,2013
GLOM2_a1_2,71.6598,3935.995,7.9622,2013
GLOM2_a1_2,71.7569,4269.155,8.0593,2013
GLOM2_a1_2,71.854,4015.794,8.1564,2013
GLOM2_a1_2,71.9511,3886.833,8.2535,2013
GLOM2_a1_2,72.0482,3868.43,8.35059999999999,2013
GLOM2_a1_2,72.1453,4015.517,8.4477,2013
GLOM2_a1_2,72.2424,4039.961,8.5448,2013
GLOM2_a1_2,72.3395,4258.135,8.6419,2013
GLOM2_a1_2,72.4366,4212.041,8.739,2013
GLOM2_a1_2,72.5337,4490.124,8.8361,2013
GLOM2_a1_2,72.6308,4442.701,8.93319999999999,2013
GLOM2_a1_2,72.7279,4331.103,9.0303,2013
GLOM2_a1_2,72.825,4368.377,9.1274,2013
GLOM2_a1_2,72.9221,4377.612,9.2245,2013
GLOM2_a1_2,73.0192,4557.511,9.3216,2013
GLOM2_a1_2,73.1163,4678.035,9.41869999999999,2013
GLOM2_a1_2,73.2134,4912.938,9.51579999999999,2013
GLOM2_a1_2,73.3105,4858.212,9.6129,2013
GLOM2_a1_2,73.4076,5125.438,9.71,2013
GLOM2_a1_2,73.5047,5136.44,9.8071,2013
GLOM2_a1_2,73.6018,5376.737,9.9042,2013
GLOM2_a1_2,73.6989,5145.22,10.0013,2013
GLOM2_a1_2,73.796,4858.946,10.0984,2013
GLOM2_a1_2,73.8931,4813.467,10.1955,2013
GLOM2_a1_2,73.9902,4779.924,10.2926,2013
GLOM2_a1_2,74.0873,4776.109,10.3897,2013
GLOM2_a1_2,74.1844,4179.568,10.4868,2013
GLOM2_a1_2,74.2815,4069.848,10.5839,2013
GLOM2_a1_2,74.3786,4211.182,10.681,2013
GLOM2_a1_2,74.4757,3781.723,10.7781,2013
GLOM2_a1_2,74.5728,3886.904,0,2012
GLOM2_a1_2,74.6699,4149.667,0.0970999999999975,2012
GLOM2_a1_2,74.767,4029.128,0.194199999999995,2012
GLOM2_a1_2,74.8641,3880.031,0.291299999999993,2012
GLOM2_a1_2,74.9612,3775.394,0.388400000000004,2012
GLOM2_a1_2,75.0583,3795.229,0.485500000000002,2012
GLOM2_a1_2,75.1554,4126.375,0.582599999999999,2012
GLOM2_a1_2,75.2525,4199.669,0.679699999999997,2012
GLOM2_a1_2,75.3496,3886.628,0.776799999999994,2012
GLOM2_a1_2,75.4467,4320.345,0.873900000000006,2012
GLOM2_a1_2,75.5438,4002.844,0.971000000000004,2012
GLOM2_a1_2,75.6409,3880.024,1.0681,2012
GLOM2_a1_2,75.738,4163.628,1.1652,2012
GLOM2_a1_2,75.8351,3851.72,1.2623,2012
GLOM2_a1_2,75.9322,3902.901,1.35939999999999,2012
GLOM2_a1_2,76.0293,4008.321,1.45650000000001,2012
GLOM2_a1_2,76.1264,3939.687,1.5536,2012
GLOM2_a1_2,76.2235,3995.416,1.6507,2012
GLOM2_a1_2,76.3206,3968.299,1.7478,2012
GLOM2_a1_2,76.4177,3949.14,1.8449,2012
GLOM2_a1_2,76.5148,4199.646,1.94199999999999,2012
GLOM2_a1_2,76.6119,4200.789,2.0391,2012
GLOM2_a1_2,76.709,4003.201,2.1362,2012
GLOM2_a1_2,76.8061,3912.097,2.2333,2012
GLOM2_a1_2,76.9032,3888.719,2.3304,2012
GLOM2_a1_2,77.0003,3794.117,2.42749999999999,2012
GLOM2_a1_2,77.0974,3816.541,2.52459999999999,2012
GLOM2_a1_2,77.1945,3648.312,2.6217,2012
GLOM2_a1_2,77.2916,3798.208,2.7188,2012
GLOM2_a1_2,77.3887,3861.982,2.8159,2012
GLOM2_a1_2,77.4858,3856.13,2.913,2012
GLOM2_a1_2,77.5829,3849.995,3.01009999999999,2012
GLOM2_a1_2,77.68,3722.095,3.10720000000001,2012
GLOM2_a1_2,77.7771,3607.745,3.2043,2012
GLOM2_a1_2,77.8742,3862.564,3.3014,2012
GLOM2_a1_2,77.9713,3981.008,3.3985,2012
GLOM2_a1_2,78.0684,3802.566,3.4956,2012
GLOM2_a1_2,78.1655,3864.053,3.59269999999999,2012
GLOM2_a1_2,78.2626,3734.751,3.68980000000001,2012
GLOM2_a1_2,78.3597,3606.07,3.7869,2012
GLOM2_a1_2,78.4568,3914.756,3.884,2012
GLOM2_a1_2,78.5539,4016.211,3.9811,2012
GLOM2_a1_2,78.651,3856.055,4.0782,2012
GLOM2_a1_2,78.7481,3833.466,4.17529999999999,2012
GLOM2_a1_2,78.8452,3822.323,4.2724,2012
GLOM2_a1_2,78.9423,3805.157,4.3695,2012
GLOM2_a1_2,79.0394,3600.976,4.4666,2012
GLOM2_a1_2,79.1365,3697.88,4.5637,2012
GLOM2_a1_2,79.2336,3831.782,4.6608,2012
GLOM2_a1_2,79.3307,3894.161,4.75789999999999,2012
GLOM2_a1_2,79.4278,3742.499,4.855,2012
GLOM2_a1_2,79.5249,3689.385,4.9521,2012
GLOM2_a1_2,79.622,4182.363,5.0492,2012
GLOM2_a1_2,79.7191,3843.821,5.1463,2012
GLOM2_a1_2,79.8162,3787.298,5.24339999999999,2012
GLOM2_a1_2,79.9133,3664.59,5.34050000000001,2012
GLOM2_a1_2,80.0104,3743.521,5.4376,2012
GLOM2_a1_2,80.1075,3820.585,5.5347,2012
GLOM2_a1_2,80.2046,3900.448,5.6318,2012
GLOM2_a1_2,80.3017,3727.181,5.7289,2012
GLOM2_a1_2,80.3988,3929.144,5.82599999999999,2012
GLOM2_a1_2,80.4959,3777.451,5.92310000000001,2012
GLOM2_a1_2,80.593,3871.395,6.0202,2012
GLOM2_a1_2,80.6901,4143.434,6.1173,2012
GLOM2_a1_2,80.7872,4198.717,6.2144,2012
GLOM2_a1_2,80.8843,4155.822,6.3115,2012
GLOM2_a1_2,80.9814,4523.375,6.40859999999999,2012
GLOM2_a1_2,81.0785,4280.014,6.5057,2012
GLOM2_a1_2,81.1756,4399.725,6.6028,2012
GLOM2_a1_2,81.2727,4014.21,6.6999,2012
GLOM2_a1_2,81.3698,4199.346,6.797,2012
GLOM2_a1_2,81.4669,4113.377,6.89409999999999,2012
GLOM2_a1_2,81.564,4143.21,6.99119999999999,2012
GLOM2_a1_2,81.6611,4459.778,7.0883,2012
GLOM2_a1_2,81.7582,4195.97,7.1854,2012
GLOM2_a1_2,81.8553,4539.255,7.2825,2012
GLOM2_a1_2,81.9524,4355.175,0,2011
GLOM2_a1_2,82.0495,3936.646,0.0970999999999975,2011
GLOM2_a1_2,82.1466,3845.812,0.194200000000009,2011
GLOM2_a1_2,82.2437,4183.022,0.291300000000007,2011
GLOM2_a1_2,82.3408,4198.211,0.388400000000004,2011
GLOM2_a1_2,82.4379,4383.694,0.485500000000002,2011
GLOM2_a1_2,82.535,4721.524,0.582599999999999,2011
GLOM2_a1_2,82.6321,4496.47,0.679699999999997,2011
GLOM2_a1_2,82.7292,4945.97,0.776800000000009,2011
GLOM2_a1_2,82.8263,4771.344,0.873900000000006,2011
GLOM2_a1_2,82.9234,4784.731,0.971000000000004,2011
GLOM2_a1_2,83.0205,5098.291,1.0681,2011
GLOM2_a1_2,83.1176,4674.162,1.1652,2011
GLOM2_a1_2,83.2147,4317.266,1.2623,2011
GLOM2_a1_2,83.3118,4492.104,1.35940000000001,2011
GLOM2_a1_2,83.4089,4222.002,1.45650000000001,2011
GLOM2_a1_2,83.506,4608.567,1.5536,2011
GLOM2_a1_2,83.6031,4027.343,1.6507,2011
GLOM2_a1_2,83.7002,4129.149,1.7478,2011
GLOM2_a1_2,83.7973,4256.96,1.84490000000001,2011
GLOM2_a1_2,83.8944,3834.402,1.94200000000001,2011
GLOM2_a1_2,83.9915,4123.372,2.0391,2011
GLOM2_a1_2,84.0886,4144.784,2.1362,2011
GLOM2_a1_2,84.1857,4135.833,2.2333,2011
GLOM2_a1_2,84.2828,3923.306,2.3304,2011
GLOM2_a1_2,84.3799,3883.326,2.42750000000001,2011
GLOM2_a1_2,84.477,4100.236,2.52460000000001,2011
GLOM2_a1_2,84.5741,3998.344,2.6217,2011
GLOM2_a1_2,84.6712,3982.222,2.7188,2011
GLOM2_a1_2,84.7683,4267.622,2.8159,2011
GLOM2_a1_2,84.8654,3824.65,2.913,2011
GLOM2_a1_2,84.9625,3938.308,3.01010000000001,2011
GLOM2_a1_2,85.0596,3861.821,3.10720000000001,2011
GLOM2_a1_2,85.1567,4062.459,3.2043,2011
GLOM2_a1_2,85.2538,4145.44,3.3014,2011
GLOM2_a1_2,85.3509,4210.84,3.3985,2011
GLOM2_a1_2,85.448,4237.017,3.4956,2011
GLOM2_a1_2,85.5451,4265.457,3.59270000000001,2011
GLOM2_a1_2,85.6422,4306.938,3.68980000000001,2011
GLOM2_a1_2,85.7393,4344.375,3.7869,2011
GLOM2_a1_2,85.8364,3993.466,3.884,2011
GLOM2_a1_2,85.9335,4379.361,3.9811,2011
GLOM2_a1_2,86.0306,4299.164,4.07820000000001,2011
GLOM2_a2_1,86.0306,3662.823,4.07820000000001,2011
GLOM2_a2_1,86.1277,3935.575,4.17530000000001,2011
GLOM2_a2_1,86.2248,3881.683,4.2724,2011
GLOM2_a2_1,86.3219,3967.441,4.3695,2011
GLOM2_a2_1,86.419,3530.464,4.4666,2011
GLOM2_a2_1,86.5161,3655.083,4.5637,2011
GLOM2_a2_1,86.6132,3920.373,4.66080000000001,2011
GLOM2_a2_1,86.7103,3689.442,4.75790000000001,2011
GLOM2_a2_1,86.8074,3672.594,4.855,2011
GLOM2_a2_1,86.9045,3805.636,4.9521,2011
GLOM2_a2_1,87.0016,3907.263,5.0492,2011
GLOM2_a2_1,87.0987,3957.687,5.1463,2011
GLOM2_a2_1,87.1958,3795.552,5.24340000000001,2011
GLOM2_a2_1,87.2929,4073.566,5.34050000000001,2011
GLOM2_a2_1,87.39,3950.105,5.4376,2011
GLOM2_a2_1,87.4871,3735.904,5.5347,2011
GLOM2_a2_1,87.5842,3924.769,5.6318,2011
GLOM2_a2_1,87.6813,3539.984,5.7289,2011
GLOM2_a2_1,87.7784,3784.786,5.82600000000001,2011
GLOM2_a2_1,87.8755,3644.853,5.92310000000001,2011
GLOM2_a2_1,87.9726,3515.722,6.0202,2011
GLOM2_a2_1,88.0697,4069.469,6.1173,2011
GLOM2_a2_1,88.1668,4022.399,6.2144,2011
GLOM2_a2_1,88.2639,3945.428,6.31150000000001,2011
GLOM2_a2_1,88.361,3729.417,6.40860000000001,2011
GLOM2_a2_1,88.4581,3645.588,6.5057,2011
GLOM2_a2_1,88.5552,3944.804,6.6028,2011
GLOM2_a2_1,88.6523,4118.204,6.6999,2011
GLOM2_a2_1,88.7494,4152.258,6.797,2011
GLOM2_a2_1,88.8465,4167.597,6.89410000000001,2011
GLOM2_a2_1,88.9436,4283.712,6.99120000000001,2011
GLOM2_a2_1,89.0407,4138.294,7.0883,2011
GLOM2_a2_1,89.1378,3746.851,7.1854,2011
GLOM2_a2_1,89.2349,3701.535,7.2825,2011
GLOM2_a2_1,89.332,3771.407,7.3796,2011
GLOM2_a2_1,89.4291,3833.316,7.47670000000001,2011
GLOM2_a2_1,89.5262,4254.93,7.57380000000001,2011
GLOM2_a2_1,89.6233,4558.441,7.6709,2011
GLOM2_a2_1,89.7204,4567.888,7.768,2011
GLOM2_a2_1,89.8175,4364.662,7.8651,2011
GLOM2_a2_1,89.9146,4311.889,7.9622,2011
GLOM2_a2_1,90.0117,3834.215,8.05930000000001,2011
GLOM2_a2_1,90.1088,3818.317,8.15640000000001,2011
GLOM2_a2_1,90.2059,4069.368,0,2010
GLOM2_a2_1,90.303,4094.402,0.0970999999999975,2010
GLOM2_a2_1,90.4001,4183.917,0.194199999999995,2010
GLOM2_a2_1,90.4972,4192.906,0.291300000000007,2010
GLOM2_a2_1,90.5943,3883.939,0.388400000000004,2010
GLOM2_a2_1,90.6914,4158.752,0.485500000000002,2010
GLOM2_a2_1,90.7885,4109.432,0.582599999999999,2010
GLOM2_a2_1,90.8856,3958.79,0.679699999999997,2010
GLOM2_a2_1,90.9827,3682.143,0.776799999999994,2010
GLOM2_a2_1,91.0798,3791.828,0.873900000000006,2010
GLOM2_a2_1,91.1769,4199.146,0.971000000000004,2010
GLOM2_a2_1,91.274,4356.194,1.0681,2010
GLOM2_a2_1,91.3711,4527.243,1.1652,2010
GLOM2_a2_1,91.4682,4740.473,1.2623,2010
GLOM2_a2_1,91.5653,4626.723,1.35939999999999,2010
GLOM2_a2_1,91.6624,4357.346,1.45650000000001,2010
GLOM2_a2_1,91.7595,4166.286,1.5536,2010
GLOM2_a2_1,91.8566,4119.187,1.6507,2010
GLOM2_a2_1,91.9537,4188.657,1.7478,2010
GLOM2_a2_1,92.0508,4448.084,1.8449,2010
GLOM2_a2_1,92.1479,3913.967,1.94200000000001,2010
GLOM2_a2_1,92.245,3877.259,2.0391,2010
GLOM2_a2_1,92.3421,3889.532,2.1362,2010
GLOM2_a2_1,92.4392,3701.358,2.2333,2010
GLOM2_a2_1,92.5363,3820.831,2.3304,2010
GLOM2_a2_1,92.6334,3973.835,2.42749999999999,2010
GLOM2_a2_1,92.7305,3994.409,2.52460000000001,2010
GLOM2_a2_1,92.8276,3947.052,2.6217,2010
GLOM2_a2_1,92.9247,4076.623,2.7188,2010
GLOM2_a2_1,93.0218,3869.167,2.8159,2010
GLOM2_a2_1,93.1189,3557.081,2.913,2010
GLOM2_a2_1,93.216,3835.861,3.01009999999999,2010
GLOM2_a2_1,93.3131,3795.449,3.10720000000001,2010
GLOM2_a2_1,93.4102,3805.163,3.2043,2010
GLOM2_a2_1,93.5073,3803.074,3.3014,2010
GLOM2_a2_1,93.6044,3720.972,3.3985,2010
GLOM2_a2_1,93.7015,3766.602,3.4956,2010
GLOM2_a2_1,93.7986,3851.143,3.59269999999999,2010
GLOM2_a2_1,93.8957,3783.961,3.68980000000001,2010
GLOM2_a2_1,93.9928,4135.265,3.7869,2010
GLOM2_a2_1,94.0899,4185.165,3.884,2010
GLOM2_a2_1,94.187,3892.068,3.9811,2010
GLOM2_a2_1,94.2841,3740.047,4.0782,2010
GLOM2_a2_1,94.3812,3901.998,4.17530000000001,2010
GLOM2_a2_1,94.4783,3914.644,4.2724,2010
GLOM2_a2_1,94.5754,4135.992,4.3695,2010
GLOM2_a2_1,94.6725,4286.997,4.4666,2010
GLOM2_a2_1,94.7696,4348.806,4.5637,2010
GLOM2_a2_1,94.8667,4262.791,4.6608,2010
GLOM2_a2_1,94.9638,4247.651,4.75790000000001,2010
GLOM2_a2_1,95.0609,4355.238,4.855,2010
GLOM2_a2_1,95.158,4239.039,4.9521,2010
GLOM2_a2_1,95.2551,4095.077,5.0492,2010
GLOM2_a2_1,95.3522,4291.284,5.1463,2010
GLOM2_a2_1,95.4493,4191.098,5.24339999999999,2010
GLOM2_a2_1,95.5464,4115.41,5.34050000000001,2010
GLOM2_a2_1,95.6435,4098.166,5.4376,2010
GLOM2_a2_1,95.7406,4129.48,5.5347,2010
GLOM2_a2_1,95.8377,4178.683,5.6318,2010
GLOM2_a2_1,95.9348,4183.421,5.7289,2010
GLOM2_a2_1,96.0319,4184.991,5.82599999999999,2010
GLOM2_a2_1,96.129,4033.596,5.92310000000001,2010
GLOM2_a2_1,96.2261,3967.159,6.0202,2010
GLOM2_a2_1,96.3232,4048.856,6.1173,2010
GLOM2_a2_1,96.4203,4141.427,6.2144,2010
GLOM2_a2_1,96.5174,4056.978,6.3115,2010
GLOM2_a2_1,96.6145,3961.809,6.40860000000001,2010
GLOM2_a2_1,96.7116,4190.566,6.5057,2010
GLOM2_a2_1,96.8087,4373.959,6.6028,2010
GLOM2_a2_1,96.9058,4205.4,6.6999,2010
GLOM2_a2_1,97.0029,4239.188,6.797,2010
GLOM2_a2_1,97.1,4016.094,6.89409999999999,2010
GLOM2_a2_1,97.1971,4047.676,6.99120000000001,2010
GLOM2_a2_1,97.2942,3778.109,7.0883,2010
GLOM2_a2_1,97.3913,3941.195,7.1854,2010
GLOM2_a2_1,97.4884,4013.646,7.2825,2010
GLOM2_a2_1,97.5855,3950.505,7.3796,2010
GLOM2_a2_1,97.6826,4200.355,7.47669999999999,2010
GLOM2_a2_1,97.7797,4176.588,7.57380000000001,2010
GLOM2_a2_1,97.8768,4239.044,7.6709,2010
GLOM2_a2_1,97.9739,4648.438,7.768,2010
GLOM2_a2_1,98.071,4590.843,7.8651,2010
GLOM2_a2_1,98.1681,4695.694,7.9622,2010
GLOM2_a2_1,98.2652,4545.654,8.05929999999999,2010
GLOM2_a2_1,98.3623,4774.345,8.15640000000001,2010
GLOM2_a2_1,98.4594,4961.383,8.2535,2010
GLOM2_a2_1,98.5565,4658.688,8.3506,2010
GLOM2_a2_1,98.6536,4544.07,0,2009
GLOM2_a2_1,98.7507,4626.144,0.0970999999999975,2009
GLOM2_a2_1,98.8478,4685.377,0.194200000000009,2009
GLOM2_a2_1,98.9449,4640.472,0.291300000000007,2009
GLOM2_a2_1,99.042,4611.868,0.388400000000004,2009
GLOM2_a2_1,99.1391,4823.995,0.485500000000002,2009
GLOM2_a2_1,99.2362,5113.034,0.582599999999999,2009
GLOM2_a2_1,99.3333,5222.532,0.679699999999997,2009
GLOM2_a2_1,99.4304,5214.517,0.776800000000009,2009
GLOM2_a2_1,99.5275,5009.888,0.873900000000006,2009
GLOM2_a2_1,99.6246,4964.615,0.971000000000004,2009
GLOM2_a2_1,99.7217,4514.341,1.0681,2009
GLOM2_a2_1,99.8188,4155.725,1.1652,2009
GLOM2_a2_1,99.9159,4210.917,1.2623,2009
GLOM2_a2_1,100.013,4214.394,1.35940000000001,2009
GLOM2_a2_1,100.1101,4295.773,1.45650000000001,2009
GLOM2_a2_1,100.2072,4634.36,1.5536,2009
GLOM2_a2_1,100.3043,4733.953,1.6507,2009
GLOM2_a2_1,100.4014,4550.424,1.7478,2009
GLOM2_a2_1,100.4985,4525.597,1.84490000000001,2009
GLOM2_a2_1,100.5956,4226.539,1.94200000000001,2009
GLOM2_a2_1,100.6927,4140.32,2.0391,2009
GLOM2_a2_1,100.7898,4205.66,2.1362,2009
GLOM2_a2_1,100.8869,4210.658,2.2333,2009
GLOM2_a2_1,100.984,4314.821,2.3304,2009
GLOM2_a2_1,101.0811,4305.113,2.42750000000001,2009
GLOM2_a2_1,101.1782,4501.331,2.52460000000001,2009
GLOM2_a2_1,101.2753,4396.02,2.6217,2009
GLOM2_a2_1,101.3724,4339.216,2.7188,2009
GLOM2_a2_1,101.4695,4065.819,2.8159,2009
GLOM2_a2_1,101.5666,4121.023,2.913,2009
GLOM2_a2_1,101.6637,4310.336,3.01010000000001,2009
GLOM2_a2_1,101.7608,4265.725,3.10720000000001,2009
GLOM2_a2_1,101.8579,4456.295,3.2043,2009
GLOM2_a2_1,101.955,4367.19,3.3014,2009
GLOM2_a2_1,102.0521,4330.876,3.3985,2009
GLOM2_a2_1,102.1492,4455.28,3.4956,2009
GLOM2_a2_1,102.2463,4568.224,3.59270000000001,2009
GLOM2_a2_1,102.3434,4433.463,3.68980000000001,2009
GLOM2_a2_1,102.4405,4349.985,3.7869,2009
GLOM2_a2_1,102.5376,4486.669,3.884,2009
GLOM2_a2_1,102.6347,4393.045,3.9811,2009
GLOM2_a2_1,102.7318,4514.445,4.07820000000001,2009
GLOM2_a2_1,102.8289,4441.543,4.17530000000001,2009
GLOM2_a2_1,102.926,4096.852,4.2724,2009
GLOM2_a2_1,103.0231,4255.399,4.3695,2009
GLOM2_a2_1,103.1202,4244.178,4.4666,2009
GLOM2_a2_1,103.2173,4266.706,4.5637,2009
GLOM2_a2_1,103.3144,4277.784,4.66080000000001,2009
GLOM2_a2_1,103.4115,3992.912,4.75790000000001,2009
GLOM2_a2_1,103.5086,4032.737,4.855,2009
GLOM2_a2_1,103.6057,4107.059,4.9521,2009
GLOM2_a2_1,103.7028,4253.607,5.0492,2009
GLOM2_a2_1,103.7999,4261.974,5.1463,2009
GLOM2_a2_1,103.897,4300.218,5.24340000000001,2009
GLOM2_a2_1,103.9941,4461.012,5.34050000000001,2009
GLOM2_a2_1,104.0912,4177.072,5.4376,2009
GLOM2_a2_1,104.1883,4076.32,5.5347,2009
GLOM2_a2_1,104.2854,4159.52,5.6318,2009
GLOM2_a2_1,104.3825,4110.109,5.7289,2009
GLOM2_a2_1,104.4796,4068.03,5.82600000000001,2009
GLOM2_a2_1,104.5767,4021.341,5.92310000000001,2009
GLOM2_a2_1,104.6738,4067.014,6.0202,2009
GLOM2_a2_1,104.7709,4075.402,6.1173,2009
GLOM2_a2_1,104.868,3907.666,6.2144,2009
GLOM2_a2_1,104.9651,4187.841,6.31150000000001,2009
GLOM2_a2_1,105.0622,4370.448,6.40860000000001,2009
GLOM2_a2_1,105.1593,4510.629,6.5057,2009
GLOM2_a2_1,105.2564,4545.337,6.6028,2009
GLOM2_a2_1,105.3535,4620.823,6.6999,2009
GLOM2_a2_1,105.4506,4719.61,6.797,2009
GLOM2_a2_1,105.5477,4703.638,6.89410000000001,2009
GLOM2_a2_1,105.6448,4597.322,6.99120000000001,2009
GLOM2_a2_1,105.7419,4531.479,7.0883,2009
GLOM2_a2_1,105.839,4346.5,7.1854,2009
GLOM2_a2_1,105.9361,4506.042,7.2825,2009
GLOM2_a2_1,106.0332,4680.233,7.3796,2009
GLOM2_a2_1,106.1303,4571.774,0,2008
GLOM2_a2_1,106.2274,4647.298,0.0970999999999975,2008
GLOM2_a2_1,106.3245,4686.417,0.194199999999995,2008
GLOM2_a2_1,106.4216,4693.646,0.291299999999993,2008
GLOM2_a2_1,106.5187,4272.461,0.38839999999999,2008
GLOM2_a2_1,106.6158,4085.434,0.485499999999988,2008
GLOM2_a2_1,106.7129,4026.357,0.582599999999999,2008
GLOM2_a2_1,106.81,3957.769,0.679699999999997,2008
GLOM2_a2_1,106.9071,3901.533,0.776799999999994,2008
GLOM2_a2_1,107.0042,3933.518,0.873899999999992,2008
GLOM2_a2_1,107.1013,4080.377,0.970999999999989,2008
GLOM2_a2_1,107.1984,4116.294,1.0681,2008
GLOM2_a2_1,107.2955,4064.662,1.1652,2008
GLOM2_a2_1,107.3926,3995.305,1.2623,2008
GLOM2_a2_1,107.4897,3884.562,1.35939999999999,2008
GLOM2_a2_1,107.5868,3905.243,1.45649999999999,2008
GLOM2_a2_1,107.6839,3607.764,1.55359999999999,2008
GLOM2_a2_1,107.781,3882.079,1.6507,2008
GLOM2_a2_1,107.8781,3951.915,1.7478,2008
GLOM2_a2_1,107.9752,4090.796,1.8449,2008
GLOM2_a2_1,108.0723,4256.831,1.94199999999999,2008
GLOM2_a2_1,108.1694,4294.116,2.03909999999999,2008
GLOM2_a2_1,108.2665,4431.382,2.13619999999999,2008
GLOM2_a2_1,108.3636,4444.924,2.2333,2008
GLOM2_a2_1,108.4607,4464.221,2.3304,2008
GLOM2_a2_1,108.5578,4390.191,2.42749999999999,2008
GLOM2_a2_1,108.6549,4262.589,2.52459999999999,2008
GLOM2_a2_1,108.752,4267.027,2.62169999999999,2008
GLOM2_a2_1,108.8491,4091.372,2.7188,2008
GLOM2_a2_1,108.9462,4341.03,2.8159,2008
GLOM2_a2_1,109.0433,4338.027,2.913,2008
GLOM2_a2_1,109.1404,4243.219,3.01009999999999,2008
GLOM2_a2_1,109.2375,4315.552,3.10719999999999,2008
GLOM2_a2_1,109.3346,4271.76,3.20429999999999,2008
GLOM2_a2_1,109.4317,4357.064,3.3014,2008
GLOM2_a2_1,109.5288,4244.59,3.3985,2008
GLOM2_a2_1,109.6259,4070.683,3.4956,2008
GLOM2_a2_1,109.723,4023.686,3.59269999999999,2008
GLOM2_a2_1,109.8201,4081.399,3.68979999999999,2008
GLOM2_a2_1,109.9172,4468.332,3.78689999999999,2008
GLOM2_a2_1,110.0143,4483.441,3.884,2008
GLOM2_a2_1,110.1114,4406.114,3.9811,2008
GLOM2_a2_1,110.2085,4427.384,4.0782,2008
GLOM2_a2_1,110.3056,4247.858,4.17529999999999,2008
GLOM2_a2_1,110.4027,4401.875,4.27239999999999,2008
GLOM2_a2_1,110.4998,4506.208,4.36949999999999,2008
GLOM2_a2_1,110.5969,4395.048,4.4666,2008
GLOM2_a2_1,110.694,4442.734,4.5637,2008
GLOM2_a2_1,110.7911,4362.357,4.6608,2008
GLOM2_a2_1,110.8882,4312.11,4.75789999999999,2008
GLOM2_a2_1,110.9853,4282.771,4.85499999999999,2008
GLOM2_a2_1,111.0824,3992.333,4.9521,2008
GLOM2_a2_1,111.1795,3679.847,5.0492,2008
GLOM2_a2_1,111.2766,3877.137,5.1463,2008
GLOM2_a2_1,111.3737,3694.409,5.24339999999999,2008
GLOM2_a2_1,111.4708,3882.903,5.34049999999999,2008
GLOM2_a2_1,111.5679,4092.564,5.43759999999999,2008
GLOM2_a2_1,111.665,4095.935,5.5347,2008
GLOM2_a2_1,111.7621,4387.603,5.6318,2008
GLOM2_a2_1,111.8592,4426.611,5.7289,2008
GLOM2_a2_1,111.9563,4250.178,5.82599999999999,2008
GLOM2_a2_1,112.0534,4273.602,5.92309999999999,2008
GLOM2_a2_1,112.1505,4125.267,6.02019999999999,2008
GLOM2_a2_1,112.2476,4073.567,6.1173,2008
GLOM2_a2_1,112.3447,4124.057,6.2144,2008
GLOM2_a2_1,112.4418,4336.19,6.3115,2008
GLOM2_a2_1,112.5389,4471.34,6.40859999999999,2008
GLOM2_a2_1,112.636,4826.832,6.50569999999999,2008
GLOM2_a2_1,112.7331,4560.667,6.60279999999999,2008
GLOM2_a2_1,112.8302,4406.75,6.6999,2008
GLOM2_a2_1,112.9273,4324.691,6.797,2008
GLOM2_a2_1,113.0244,4203.273,6.89409999999999,2008
GLOM2_a2_1,113.1215,4222.511,6.99119999999999,2008
GLOM2_a2_1,113.2186,4461.84,7.08829999999999,2008
GLOM2_a2_1,113.3157,4432.058,7.1854,2008
GLOM2_a2_1,113.4128,4568.104,7.2825,2008
GLOM2_a2_1,113.5099,4809.626,7.3796,2008
GLOM2_a2_1,113.607,4789.468,0,2007
GLOM2_a2_1,113.7041,4922.51,0.0970999999999975,2007
GLOM2_a2_1,113.8012,4855.409,0.194199999999995,2007
GLOM2_a2_1,113.8983,4908.572,0.291300000000007,2007
GLOM2_a2_1,113.9954,4708.273,0.388400000000004,2007
GLOM2_a2_1,114.0925,4357.405,0.485500000000002,2007
GLOM2_a2_1,114.1896,4117.736,0.582599999999999,2007
GLOM2_a2_1,114.2867,4208.192,0.679699999999997,2007
GLOM2_a2_1,114.3838,3901.044,0.776799999999994,2007
GLOM2_a2_1,114.4809,3774.085,0.873900000000006,2007
GLOM2_a2_1,114.578,3959.974,0.971000000000004,2007
GLOM2_a2_1,114.6751,3699.516,1.0681,2007
GLOM2_a2_1,114.7722,3379.127,1.1652,2007
GLOM2_a2_1,114.8693,3519.185,1.2623,2007
GLOM2_a2_1,114.9664,3480.978,1.35939999999999,2007
GLOM2_a2_1,115.0635,3556.444,1.45650000000001,2007
GLOM2_a2_1,115.1606,3874.246,1.5536,2007
GLOM2_a2_1,115.2577,4083.54,1.6507,2007
GLOM2_a2_1,115.3548,3931.517,1.7478,2007
GLOM2_a2_1,115.4519,3809.64,1.8449,2007
GLOM2_a2_1,115.549,3690.22,1.94200000000001,2007
GLOM2_a2_1,115.6461,3778.17,2.0391,2007
GLOM2_a2_1,115.7432,3702.537,2.1362,2007
GLOM2_a2_1,115.8403,3713.751,2.2333,2007
GLOM2_a2_1,115.9374,3817.604,2.3304,2007
GLOM2_a2_1,116.0345,3797.439,2.42749999999999,2007
GLOM2_a2_1,116.1316,3797.959,2.52460000000001,2007
GLOM2_a2_1,116.2287,3922.912,2.6217,2007
GLOM2_a2_1,116.3258,3788.05,2.7188,2007
GLOM2_a2_1,116.4229,3584.087,2.8159,2007
GLOM2_a2_1,116.52,3641.842,2.913,2007
GLOM2_a2_1,116.6171,3753.09,3.01009999999999,2007
GLOM2_a2_1,116.7142,3633.883,3.10720000000001,2007
GLOM2_a2_1,116.8113,3555.862,3.2043,2007
GLOM2_a2_1,116.9084,3643.288,3.3014,2007
GLOM2_a2_1,117.0055,3775.327,3.3985,2007
GLOM2_a2_1,117.1026,3629.001,3.4956,2007
GLOM2_a2_1,117.1997,3716.364,3.59270000000001,2007
GLOM2_a2_1,117.2968,3800.715,3.68980000000001,2007
GLOM2_a2_1,117.3939,3996.182,3.7869,2007
GLOM2_a2_1,117.491,3828.981,3.884,2007
GLOM2_a2_1,117.5881,3871.089,3.9811,2007
GLOM2_a2_1,117.6852,3911.944,4.0782,2007
GLOM2_a2_1,117.7823,3910.38,4.17530000000001,2007
GLOM2_a2_1,117.8794,3993.833,4.2724,2007
GLOM2_a2_1,117.9765,3981.787,4.3695,2007
GLOM2_a2_1,118.0736,4116.756,4.4666,2007
GLOM2_a2_1,118.1707,4298.31,4.5637,2007
GLOM2_a2_1,118.2678,3991.709,4.6608,2007
GLOM2_a2_1,118.3649,3867.465,4.75790000000001,2007
GLOM2_a2_1,118.462,3621.064,4.855,2007
GLOM2_a2_1,118.5591,3408.54,4.9521,2007
GLOM2_a2_1,118.6562,3441.443,5.0492,2007
GLOM2_a2_1,118.7533,3435.591,5.1463,2007
GLOM2_a2_1,118.8504,3635.505,5.24339999999999,2007
GLOM2_a2_1,118.9475,3629.892,5.34050000000001,2007
GLOM2_a2_1,119.0446,3264.729,5.4376,2007
GLOM2_a2_1,119.1417,3473.134,5.5347,2007
GLOM2_a2_1,119.2388,3495.747,5.6318,2007
GLOM2_a2_1,119.3359,3321.528,5.7289,2007
GLOM2_a2_1,119.433,3473.671,5.82600000000001,2007
GLOM2_a2_1,119.5301,3351.995,5.92310000000001,2007
GLOM2_a2_1,119.6272,3467.791,6.0202,2007
GLOM2_a2_1,119.7243,3773.941,6.1173,2007
GLOM2_a2_1,119.8214,3651.318,6.2144,2007
GLOM2_a2_1,119.9185,3585.16,6.3115,2007
GLOM2_a2_1,120.0156,3581.126,6.40860000000001,2007
GLOM2_a2_1,120.1127,3554.122,6.5057,2007
GLOM2_a2_1,120.2098,3628.715,6.6028,2007
GLOM2_a2_1,120.3069,3588.831,6.6999,2007
GLOM2_a2_1,120.404,3505.281,6.797,2007
GLOM2_a2_1,120.5011,3870.736,6.89409999999999,2007
GLOM2_a2_1,120.5982,4032.121,6.99120000000001,2007
GLOM2_a2_1,120.6953,3934.764,7.0883,2007
GLOM2_a2_1,120.7924,4027.247,7.1854,2007
GLOM2_a2_1,120.8895,4075.466,7.2825,2007
GLOM2_a2_1,120.9866,4026.202,7.3796,2007
GLOM2_a2_1,121.0837,3890.304,7.47669999999999,2007
GLOM2_a2_1,121.1808,3656.754,7.57380000000001,2007
GLOM2_a2_1,121.2779,3608.011,7.6709,2007
GLOM2_a2_1,121.375,3915.041,7.768,2007
GLOM2_a2_1,121.4721,4090.46,7.8651,2007
GLOM2_a2_1,121.5692,4221.16,7.9622,2007
GLOM2_a2_1,121.6663,4286.884,8.05930000000001,2007
GLOM2_a2_1,121.7634,4175.532,8.15640000000001,2007
GLOM2_a2_1,121.8605,4373.151,8.2535,2007
GLOM2_a2_1,121.9576,4565.049,8.3506,2007
GLOM2_a2_1,122.0547,4451.864,8.4477,2007
GLOM2_a2_1,122.1518,4381.146,8.5448,2007
GLOM2_a2_1,122.2489,4506.425,8.64190000000001,2007
GLOM2_a2_1,122.346,4350.959,0,2006
GLOM2_a2_1,122.4431,4452.706,0.0970999999999975,2006
GLOM2_a2_1,122.5402,4561.094,0.194199999999995,2006
GLOM2_a2_1,122.6373,4704.028,0.291299999999993,2006
GLOM2_a2_1,122.7344,4372.293,0.38839999999999,2006
GLOM2_a2_1,122.8315,4355.298,0.485500000000002,2006
GLOM2_a2_1,122.9286,4527.162,0.582599999999999,2006
GLOM2_a2_1,123.0257,4209.369,0.679699999999997,2006
GLOM2_a2_1,123.1228,4084.924,0.776799999999994,2006
GLOM2_a2_1,123.2199,3802.1,0.873899999999992,2006
GLOM2_a2_1,123.317,3473.984,0.970999999999989,2006
GLOM2_a2_1,123.4141,3488.364,1.0681,2006
GLOM2_a2_1,123.5112,3477.611,1.1652,2006
GLOM2_a2_1,123.6083,3558.99,1.2623,2006
GLOM2_a2_1,123.7054,3446.301,1.35939999999999,2006
GLOM2_a2_1,123.8025,3235.031,1.45649999999999,2006
GLOM2_a2_1,123.8996,3286.585,1.5536,2006
GLOM2_a2_1,123.9967,3484.168,1.6507,2006
GLOM2_a2_1,124.0938,3584.01,1.7478,2006
GLOM2_a2_1,124.1909,3562.143,1.8449,2006
GLOM2_a2_1,124.288,3682.689,1.94199999999999,2006
GLOM2_a2_1,124.3851,3973.302,2.03909999999999,2006
GLOM2_a2_1,124.4822,3869.867,2.1362,2006
GLOM2_a2_1,124.5793,3847.348,2.2333,2006
GLOM2_a2_1,124.6764,4070.797,2.3304,2006
GLOM2_a2_1,124.7735,4293.525,2.42749999999999,2006
GLOM2_a2_1,124.8706,4403.626,2.52459999999999,2006
GLOM2_a2_1,124.9677,4415.435,2.62169999999999,2006
GLOM2_a2_1,125.0648,4330.193,2.7188,2006
GLOM2_a2_1,125.1619,4322.082,2.8159,2006
GLOM2_a2_1,125.259,4356.11,2.913,2006
GLOM2_a2_1,125.3561,4290.099,3.01009999999999,2006
GLOM2_a2_1,125.4532,4179.597,3.10719999999999,2006
GLOM2_a2_1,125.5503,4087.383,3.20429999999999,2006
GLOM2_a2_1,125.6474,4065.625,3.3014,2006
GLOM2_a2_1,125.7445,3900.932,3.3985,2006
GLOM2_a2_1,125.8416,3890.206,3.4956,2006
GLOM2_a2_1,125.9387,3914.065,3.59269999999999,2006
GLOM2_a2_1,126.0358,3740.155,3.68979999999999,2006
GLOM2_a2_1,126.1329,3947.994,3.7869,2006
GLOM2_a2_1,126.23,4269.272,3.884,2006
GLOM2_a2_1,126.3271,4254.818,3.9811,2006
GLOM2_a2_1,126.4242,4025.322,4.0782,2006
GLOM2_a2_1,126.5213,4015.586,4.17529999999999,2006
GLOM2_a2_1,126.6184,4042.636,4.27239999999999,2006
GLOM2_a2_1,126.7155,4140.106,4.3695,2006
GLOM2_a2_1,126.8126,3989.775,4.4666,2006
GLOM2_a2_1,126.9097,3992.933,4.5637,2006
GLOM2_a2_1,127.0068,4067.694,4.6608,2006
GLOM2_a2_1,127.1039,3978.177,4.75789999999999,2006
GLOM2_a2_1,127.201,3759.259,4.85499999999999,2006
GLOM2_a2_1,127.2981,3813.621,4.9521,2006
GLOM2_a2_1,127.3952,4122.441,5.0492,2006
GLOM2_a2_1,127.4923,3940.832,5.1463,2006
GLOM2_a2_1,127.5894,4150.1,5.24339999999999,2006
GLOM2_a2_1,127.6865,4245.626,5.34049999999999,2006
GLOM2_a2_1,127.7836,4245.14,5.4376,2006
GLOM2_a2_1,127.8807,4169.715,5.5347,2006
GLOM2_a2_1,127.9778,4211.9,5.6318,2006
GLOM2_a2_1,128.0749,4329.35,5.72890000000001,2006
GLOM2_a2_1,128.172,4226.705,5.82599999999999,2006
GLOM2_a2_1,128.2691,4078.405,5.92310000000001,2006
GLOM2_a2_1,128.3662,3868.441,6.02019999999999,2006
GLOM2_a2_1,128.4633,4032.31,6.1173,2006
GLOM2_a2_1,128.5604,4258.979,6.21439999999998,2006
GLOM2_a2_1,128.6575,4050.233,6.3115,2006
GLOM2_a2_1,128.7546,3933.501,6.40860000000001,2006
GLOM2_a2_1,128.8517,4205.319,6.50569999999999,2006
GLOM2_a2_1,128.9488,4169.456,6.6028,2006
GLOM2_a2_1,129.0459,4046.234,6.69989999999999,2006
GLOM2_a2_1,129.143,4093.756,6.797,2006
GLOM2_a2_1,129.2401,3924.027,6.89410000000001,2006
GLOM2_a2_1,129.3372,4082.981,6.99119999999999,2006
GLOM2_a2_1,129.4343,4130.256,7.0883,2006
GLOM2_a2_1,129.5314,4193.075,7.18539999999999,2006
GLOM2_a2_1,129.6285,4203.428,7.2825,2006
GLOM2_a2_1,129.7256,4067.885,7.37959999999998,2006
GLOM2_a2_1,129.8227,3985.896,7.47669999999999,2006
GLOM2_a2_1,129.9198,3899.8,7.57380000000001,2006
GLOM2_a2_1,130.0169,3840.166,7.67089999999999,2006
GLOM2_a2_1,130.114,4128.753,7.768,2006
GLOM2_a2_1,130.2111,4168.839,7.86509999999998,2006
GLOM2_a2_1,130.3082,3935.331,7.9622,2006
GLOM2_a2_1,130.4053,3834.537,8.05930000000001,2006
GLOM2_a2_1,130.5024,3881.144,8.15639999999999,2006
GLOM2_a2_1,130.5995,3882.583,8.2535,2006
GLOM2_a2_1,130.6966,3890.924,8.35059999999999,2006
GLOM2_a2_1,130.7937,3797.204,8.4477,2006
GLOM2_a2_1,130.8908,3874.045,0,2005
GLOM2_a2_1,130.9879,4146.118,0.0970999999999833,2005
GLOM2_a2_1,131.085,4225.255,0.194199999999995,2005
GLOM2_a2_1,131.1821,4616.73,0.291299999999978,2005
GLOM2_a2_1,131.2792,4659.734,0.38839999999999,2005
GLOM2_a2_1,131.3763,4598.61,0.485499999999973,2005
GLOM2_a2_1,131.4734,4517.736,0.582599999999985,2005
GLOM2_a2_1,131.5705,4325.792,0.679699999999997,2005
GLOM2_a2_1,131.6676,4066.38,0.77679999999998,2005
GLOM2_a2_1,131.7647,4057.866,0.873899999999992,2005
GLOM2_a2_1,131.8618,4055.191,0.970999999999975,2005
GLOM2_a2_1,131.9589,4144.446,1.06809999999999,2005
GLOM2_a2_1,132.056,4095.777,1.1652,2005
GLOM2_a2_1,132.1531,3983.61,1.26229999999998,2005
GLOM2_a2_1,132.2502,4044.062,1.35939999999999,2005
GLOM2_a2_1,132.3473,3879.35,1.45649999999998,2005
GLOM2_a2_1,132.4444,3738.368,1.55359999999999,2005
GLOM2_a2_1,132.5415,3753.127,1.6507,2005
GLOM2_a2_1,132.6386,3663.054,1.74779999999998,2005
GLOM2_a2_1,132.7357,3755.055,1.8449,2005
GLOM2_a2_1,132.8328,3623.137,1.94199999999998,2005
GLOM2_a2_1,132.9299,3520.646,2.03909999999999,2005
GLOM2_a2_1,133.027,3656.833,2.13619999999997,2005
GLOM2_a2_1,133.1241,3465.742,2.23329999999999,2005
GLOM2_a2_1,133.2212,3836.844,2.3304,2005
GLOM2_a2_1,133.3183,4016.621,2.42749999999998,2005
GLOM2_a2_1,133.4154,3615.179,2.52459999999999,2005
GLOM2_a2_1,133.5125,3842.363,2.62169999999998,2005
GLOM2_a2_1,133.6096,3855.349,2.71879999999999,2005
GLOM2_a2_1,133.7067,3919.201,2.8159,2005
GLOM2_a2_1,133.8038,3894.175,2.91299999999998,2005
GLOM2_a2_1,133.9009,3958.381,3.01009999999999,2005
GLOM2_a2_1,133.998,4136.965,3.10719999999998,2005
GLOM2_a2_1,134.0951,4003.53,3.20429999999999,2005
GLOM2_a2_1,134.1922,3985.54,3.3014,2005
GLOM2_a2_1,134.2893,4219.254,3.39849999999998,2005
GLOM2_a2_1,134.3864,4320.446,3.4956,2005
GLOM2_a2_1,134.4835,4176.958,3.59269999999998,2005
GLOM2_a2_1,134.5806,4139.811,3.68979999999999,2005
GLOM2_a2_1,134.6777,4260.051,3.78689999999997,2005
GLOM2_a2_1,134.7748,4127.284,3.88399999999999,2005
GLOM2_a2_1,134.8719,3831.953,3.9811,2005
GLOM2_a2_1,134.969,4083.018,4.07819999999998,2005
GLOM2_a2_1,135.0661,4209.058,4.17529999999999,2005
GLOM2_a2_1,135.1632,3721.328,4.27239999999998,2005
GLOM2_a2_1,135.2603,3786.694,4.36949999999999,2005
GLOM2_a2_1,135.3574,3644.203,4.4666,2005
GLOM2_a2_1,135.4545,3595.718,4.56369999999998,2005
GLOM2_a2_1,135.5516,3669.368,4.6608,2005
GLOM2_a2_1,135.6487,3620.178,4.75789999999998,2005
GLOM2_a2_1,135.7458,3612.423,4.85499999999999,2005
GLOM2_a2_1,135.8429,3512.269,4.95209999999997,2005
GLOM2_a2_1,135.94,3579.637,5.04919999999999,2005
GLOM2_a2_1,136.0371,3967.638,5.1463,2005
GLOM2_a2_1,136.1342,3950.396,5.24339999999998,2005
GLOM2_a2_1,136.2313,3849.099,5.34049999999999,2005
GLOM2_a2_1,136.3284,3846.908,5.43759999999998,2005
GLOM2_a2_1,136.4255,3981.88,5.53469999999999,2005
GLOM2_a2_1,136.5226,4019.341,5.6318,2005
GLOM2_a2_1,136.6197,4046.15,5.72889999999998,2005
GLOM2_a2_1,136.7168,3997.536,5.82599999999999,2005
GLOM2_a2_1,136.8139,4170.617,5.92309999999998,2005
GLOM2_a2_1,136.911,4223.054,6.02019999999999,2005
GLOM2_a2_1,137.0081,4155.676,6.1173,2005
GLOM2_a2_1,137.1052,3843.522,6.21439999999998,2005
GLOM2_a2_1,137.2023,3917.314,6.3115,2005
GLOM2_a2_1,137.2994,3837.056,6.40859999999998,2005
GLOM2_a2_1,137.3965,3621.16,6.50569999999999,2005
GLOM2_a2_1,137.4936,3565.961,6.60279999999997,2005
GLOM2_a2_1,137.5907,3615.808,6.69989999999999,2005
GLOM2_a2_1,137.6878,3620.048,6.797,2005
GLOM2_a2_1,137.7849,3610.014,6.89409999999998,2005
GLOM2_a2_1,137.882,3459.039,6.99119999999999,2005
GLOM2_a2_1,137.9791,3505.04,7.08829999999998,2005
GLOM2_a2_1,138.0762,3659.316,7.18539999999999,2005
GLOM2_a2_1,138.1733,3646.59,7.2825,2005
GLOM2_a2_1,138.2704,3452.871,7.37959999999998,2005
GLOM2_a2_1,138.3675,3773.151,7.47669999999999,2005
GLOM2_a2_1,138.4646,3717.022,7.57379999999998,2005
GLOM2_a2_1,138.5617,3374.32,7.67089999999999,2005
GLOM2_a2_1,138.6588,3458.453,7.768,2005
GLOM2_a2_1,138.7559,3457.322,7.86509999999998,2005
GLOM2_a2_1,138.853,3602.249,7.9622,2005
GLOM2_a2_1,138.9501,3599.309,8.05929999999998,2005
GLOM2_a2_1,139.0472,3690.122,8.15639999999999,2005
GLOM2_a2_1,139.1443,3659.983,8.25349999999997,2005
GLOM2_a2_1,139.2414,3543.869,8.35059999999999,2005
GLOM2_a2_1,139.3385,3781.652,8.4477,2005
GLOM2_a2_1,139.4356,3685.091,8.54479999999998,2005
GLOM2_a2_1,139.5327,3722.849,8.64189999999999,2005
GLOM2_a2_1,139.6298,3846.946,8.73899999999998,2005
GLOM2_a2_1,139.7269,3576.738,8.83609999999999,2005
GLOM2_a2_1,139.824,3614.272,8.9332,2005
GLOM2_a2_1,139.9211,3768.408,9.03029999999998,2005
GLOM2_a2_1,140.0182,3806.551,9.12739999999999,2005
GLOM2_a2_1,140.1153,3689.97,9.22449999999998,2005
GLOM2_a2_1,140.2124,3879.473,9.32159999999999,2005
GLOM2_a2_1,140.3095,4027.063,9.4187,2005
GLOM2_a2_1,140.4066,3895.151,9.51579999999998,2005
GLOM2_a2_1,140.5037,4046.468,0,2004
GLOM2_a2_1,140.6008,4220.658,0.0970999999999833,2004
GLOM2_a2_1,140.6979,3997.093,0.194199999999995,2004
GLOM2_a2_1,140.795,4034.876,0.291299999999978,2004
GLOM2_a2_1,140.8921,4118.567,0.38839999999999,2004
GLOM2_a2_1,140.9892,4188.619,0.485500000000002,2004
GLOM2_a2_1,141.0863,4238.44,0.582599999999985,2004
GLOM2_a2_1,141.1834,4391.168,0.679699999999997,2004
GLOM2_a2_1,141.2805,4653.05,0.77679999999998,2004
GLOM2_a2_1,141.3776,4563.703,0.873899999999992,2004
GLOM2_a2_1,141.4747,4645.525,0.971000000000004,2004
GLOM2_a2_1,141.5718,4362,1.06809999999999,2004
GLOM2_a2_1,141.6689,4541.813,1.1652,2004
GLOM2_a2_1,141.766,4739.382,1.26229999999998,2004
GLOM2_a2_1,141.8631,4864.299,1.35939999999999,2004
GLOM2_a2_1,141.9602,4822.138,1.45649999999998,2004
GLOM2_a2_1,142.0573,4799.062,1.55359999999999,2004
GLOM2_a2_1,142.1544,4899.56,1.6507,2004
GLOM2_a2_1,142.2515,5041.495,1.74779999999998,2004
GLOM2_a2_1,142.3486,4793.98,1.8449,2004
GLOM2_a2_1,142.4457,4553.889,1.94199999999998,2004
GLOM2_a2_1,142.5428,4474.092,2.03909999999999,2004
GLOM2_a2_1,142.6399,4116.381,2.1362,2004
GLOM2_a2_1,142.737,4073.29,2.23329999999999,2004
GLOM2_a2_1,142.8341,4041.214,2.3304,2004
GLOM2_a2_1,142.9312,3833.569,2.42749999999998,2004
GLOM2_a2_1,143.0283,4045.957,2.52459999999999,2004
GLOM2_a2_1,143.1254,3771.213,2.6217,2004
GLOM2_a2_1,143.2225,3600.57,2.71879999999999,2004
GLOM2_a2_1,143.3196,3499.732,2.8159,2004
GLOM2_a2_1,143.4167,3552.178,2.91299999999998,2004
GLOM2_a2_1,143.5138,3761.538,3.01009999999999,2004
GLOM2_a2_1,143.6109,3771.452,3.10719999999998,2004
GLOM2_a2_1,143.708,3691.646,3.20429999999999,2004
GLOM2_a2_1,143.8051,3690.745,3.3014,2004
GLOM2_a2_1,143.9022,3642.874,3.39849999999998,2004
GLOM2_a2_1,143.9993,3982.746,3.4956,2004
GLOM2_a2_1,144.0964,3746.714,3.59269999999998,2004
GLOM2_a2_1,144.1935,3872.676,3.68979999999999,2004
GLOM2_a2_1,144.2906,3950.186,3.7869,2004
GLOM2_a2_1,144.3877,3873.526,3.88399999999999,2004
GLOM2_a2_1,144.4848,4095.046,3.9811,2004
GLOM2_a2_1,144.5819,3982.77,4.07819999999998,2004
GLOM2_a2_1,144.679,4061.428,4.17529999999999,2004
GLOM2_a2_1,144.7761,4441.485,4.2724,2004
GLOM2_a2_1,144.8732,4358.005,4.36949999999999,2004
GLOM2_a2_1,144.9703,4192.221,4.4666,2004
GLOM2_a2_1,145.0674,4102.83,4.56369999999998,2004
GLOM2_a2_1,145.1645,3976.062,4.6608,2004
GLOM2_a2_1,145.2616,3955.655,4.75789999999998,2004
GLOM2_a2_1,145.3587,4040.768,4.85499999999999,2004
GLOM2_a2_1,145.4558,4191.165,4.9521,2004
GLOM2_a2_1,145.5529,4350.554,5.04919999999999,2004
GLOM2_a2_1,145.65,4237.622,5.1463,2004
GLOM2_a2_1,145.7471,4328.528,5.24339999999998,2004
GLOM2_a2_1,145.8442,4224.769,5.34049999999999,2004
GLOM2_a2_1,145.9413,4193.695,5.4376,2004
GLOM2_a2_1,146.0384,4198.982,5.53469999999999,2004
GLOM2_a2_1,146.1355,4059.452,5.6318,2004
GLOM2_a2_1,146.2326,3970.331,5.72889999999998,2004
GLOM2_a2_1,146.3297,3878.643,5.82599999999999,2004
GLOM2_a2_1,146.4268,3931.39,5.92309999999998,2004
GLOM2_a2_1,146.5239,4037.761,6.02019999999999,2004
GLOM2_a2_1,146.621,4215.845,6.1173,2004
GLOM2_a2_1,146.7181,3958.805,6.21439999999998,2004
GLOM2_a2_1,146.8152,3789.153,6.3115,2004
GLOM2_a2_1,146.9123,3759.687,6.40859999999998,2004
GLOM2_a2_1,147.0094,3652.643,6.50569999999999,2004
GLOM2_a2_1,147.1065,3726.035,6.6028,2004
GLOM2_a2_1,147.2036,3849.746,6.69989999999999,2004
GLOM2_a2_1,147.3007,3761.506,6.797,2004
GLOM2_a2_1,147.3978,3494.377,6.89409999999998,2004
GLOM2_a2_1,147.4949,3669.136,6.99119999999999,2004
GLOM2_a2_1,147.592,3858.288,7.0883,2004
GLOM2_a2_1,147.6891,3739.642,7.18539999999999,2004
GLOM2_a2_1,147.7862,3685.517,7.2825,2004
GLOM2_a2_1,147.8833,3936.194,7.37959999999998,2004
GLOM2_a2_1,147.9804,3859.588,7.47669999999999,2004
GLOM2_a2_1,148.0775,3710.366,7.57379999999998,2004
GLOM2_a2_1,148.1746,3804.874,7.67089999999999,2004
GLOM2_a2_1,148.2717,3779.917,7.768,2004
GLOM2_a2_1,148.3688,3828.803,7.86509999999998,2004
GLOM2_a2_1,148.4659,3701.058,7.9622,2004
GLOM2_a2_1,148.563,3799.082,8.05929999999998,2004
GLOM2_a2_1,148.6601,3930.699,8.15639999999999,2004
GLOM2_a2_1,148.7572,3849.867,8.2535,2004
GLOM2_a2_1,148.8543,3871.799,8.35059999999999,2004
GLOM2_a2_1,148.9514,3817.368,8.4477,2004
GLOM2_a2_1,149.0485,3734.761,8.54479999999998,2004
GLOM2_a2_1,149.1456,3862.544,8.64189999999999,2004
GLOM2_a2_1,149.2427,3782.542,8.739,2004
GLOM2_a2_1,149.3398,3644.737,8.83609999999999,2004
GLOM2_a2_1,149.4369,3596.16,8.9332,2004
GLOM2_a2_1,149.534,3366.609,9.03029999999998,2004
GLOM2_a2_1,149.6311,3594.17,9.12739999999999,2004
GLOM2_a2_1,149.7282,3683.667,9.22449999999998,2004
GLOM2_a2_1,149.8253,3640.432,9.32159999999999,2004
GLOM2_a2_1,149.9224,3702.962,9.4187,2004
GLOM2_a2_1,150.0195,3611.478,9.51579999999998,2004
GLOM2_a2_1,150.1166,3213.492,9.6129,2004
GLOM2_a2_1,150.2137,3149.546,9.70999999999998,2004
GLOM2_a2_1,150.3108,3247.328,9.80709999999999,2004
GLOM2_a2_1,150.4079,3288.822,9.9042,2004
GLOM2_a2_1,150.505,3483.259,10.0013,2004
GLOM2_a2_1,150.6021,3634.164,10.0984,2004
GLOM2_a2_1,150.6992,3561.454,10.1955,2004
GLOM2_a2_1,150.7963,3483.266,10.2926,2004
GLOM2_a2_1,150.8934,3501.969,10.3897,2004
GLOM2_a2_1,150.9905,3490.617,10.4868,2004
GLOM2_a2_1,151.0876,3701.532,10.5839,2004
GLOM2_a2_1,151.1847,3779.671,10.681,2004
GLOM2_a2_1,151.2818,3878.621,10.7781,2004
GLOM2_a2_1,151.3789,3815.163,10.8752,2004
GLOM2_a2_1,151.476,3659.115,10.9723,2004
GLOM2_a2_1,151.5731,3643.783,11.0694,2004
GLOM2_a2_1,151.6702,3711.271,11.1665,2004
GLOM2_a2_1,151.7673,3613.464,11.2636,2004
GLOM2_a2_1,151.8644,3829.469,11.3607,2004
GLOM2_a2_1,151.9615,3960.772,11.4578,2004
GLOM2_a2_1,152.0586,4145.328,11.5549,2004
GLOM2_a2_1,152.1557,4002.53,11.652,2004
GLOM2_a2_1,152.2528,4020.115,11.7491,2004
GLOM2_a2_1,152.3499,3863.48,11.8462,2004
GLOM2_a2_1,152.447,4101.85,11.9433,2004
GLOM2_a2_1,152.5441,4253.217,12.0404,2004
GLOM2_a2_1,152.6412,3946.481,12.1375,2004
GLOM2_a2_1,152.7383,4260.97,12.2346,2004
GLOM2_a2_1,152.8354,4445.679,0,2003
GLOM2_a2_1,152.9325,4447.06,0.0971000000000117,2003
GLOM2_a2_1,153.0296,4561.774,0.194199999999995,2003
GLOM2_a2_1,153.1267,4055.08,0.291300000000007,2003
GLOM2_a2_1,153.2238,4069.546,0.388400000000019,2003
GLOM2_a2_1,153.3209,4116.917,0.485500000000002,2003
GLOM2_a2_1,153.418,4190.074,0.582600000000014,2003
GLOM2_a2_1,153.5151,4230.081,0.679699999999997,2003
GLOM2_a2_1,153.6122,4023.967,0.776800000000009,2003
GLOM2_a2_1,153.7093,4177.638,0.87390000000002,2003
GLOM2_a2_1,153.8064,3850.022,0.971000000000004,2003
GLOM2_a2_1,153.9035,3605.309,1.06810000000002,2003
GLOM2_a2_1,154.0006,3684.537,1.1652,2003
GLOM2_a2_1,154.0977,3687.154,1.26230000000001,2003
GLOM2_a2_1,154.1948,3775.244,1.35939999999999,2003
GLOM2_a2_1,154.2919,3596.697,1.45650000000001,2003
GLOM2_a2_1,154.389,3421.379,1.55360000000002,2003
GLOM2_a2_1,154.4861,3769.449,1.6507,2003
GLOM2_a2_1,154.5832,3929.461,1.74780000000001,2003
GLOM2_a2_1,154.6803,3825.441,1.8449,2003
GLOM2_a2_1,154.7774,3728.106,1.94200000000001,2003
GLOM2_a2_1,154.8745,3962.268,2.03910000000002,2003
GLOM2_a2_1,154.9716,3914.996,2.1362,2003
GLOM2_a2_1,155.0687,3759.574,2.23330000000001,2003
GLOM2_a2_1,155.1658,3817.345,2.3304,2003
GLOM2_a2_1,155.2629,3963.175,2.42750000000001,2003
GLOM2_a2_1,155.36,3942.277,2.52460000000002,2003
GLOM2_a2_1,155.4571,3697.447,2.6217,2003
GLOM2_a2_1,155.5542,3973.846,2.71880000000002,2003
GLOM2_a2_1,155.6513,4170.249,2.8159,2003
GLOM2_a2_1,155.7484,3944.25,2.91300000000001,2003
GLOM2_a2_1,155.8455,3851.258,3.01009999999999,2003
GLOM2_a2_1,155.9426,3783.799,3.10720000000001,2003
GLOM2_a2_1,156.0397,3576.406,3.20430000000002,2003
GLOM2_a2_1,156.1368,3691.992,3.3014,2003
GLOM2_a2_1,156.2339,3800.171,3.39850000000001,2003
GLOM2_a2_1,156.331,3818.72,3.4956,2003
GLOM2_a2_1,156.4281,3968.765,3.59270000000001,2003
GLOM2_a2_1,156.5252,4259.346,3.68980000000002,2003
GLOM2_a2_1,156.6223,3983.784,3.7869,2003
GLOM2_a2_1,156.7194,3859.538,3.88400000000001,2003
GLOM2_a2_1,156.8165,4018.382,3.9811,2003
GLOM2_a2_1,156.9136,3955.514,4.07820000000001,2003
GLOM2_a2_1,157.0107,3929.278,4.17530000000002,2003
GLOM2_a2_1,157.1078,4017.176,4.2724,2003
GLOM2_a2_1,157.2049,3884.584,4.36950000000002,2003
GLOM2_a2_1,157.302,3876.514,4.4666,2003
GLOM2_a2_1,157.3991,3643.982,4.56370000000001,2003
GLOM2_a2_1,157.4962,3389.304,4.6608,2003
GLOM2_a2_1,157.5933,3473.845,4.75790000000001,2003
GLOM2_a2_1,157.6904,3601.399,4.85500000000002,2003
GLOM2_a2_1,157.7875,3823.498,4.9521,2003
GLOM2_a2_1,157.8846,3662.253,5.04920000000001,2003
GLOM2_a2_1,157.9817,3735.676,5.1463,2003
GLOM2_a2_1,158.0788,4143.349,5.24340000000001,2003
GLOM2_a2_1,158.1759,4049.364,5.34050000000002,2003
GLOM2_a2_1,158.273,3674.696,5.4376,2003
GLOM2_a2_1,158.3701,3758.666,5.53470000000002,2003
GLOM2_a2_1,158.4672,4053.976,5.6318,2003
GLOM2_a2_1,158.5643,3843.343,5.72890000000001,2003
GLOM2_a2_1,158.6614,3691.422,5.82599999999999,2003
GLOM2_a2_1,158.7585,3723.929,5.92310000000001,2003
GLOM2_a2_1,158.8556,3994.379,6.02020000000002,2003
GLOM2_a2_1,158.9527,4119.97,6.1173,2003
GLOM2_a2_1,159.0498,3914.73,6.21440000000001,2003
GLOM2_a2_1,159.1469,3947.833,6.3115,2003
GLOM2_a2_1,159.244,3969.747,6.40860000000001,2003
GLOM2_a2_1,159.3411,3764.403,6.50570000000002,2003
GLOM2_a2_1,159.4382,3726.71,6.6028,2003
GLOM2_a2_1,159.5353,3477.51,6.69990000000001,2003
GLOM2_a2_1,159.6324,3210.755,6.797,2003
GLOM2_a2_1,159.7295,3303.02,6.89410000000001,2003
